240,160
293.22 293.43 293.58 293.62 293.11 293.02 292.87 293.43 293.48 293.18 293.16 293.90 294.12 293.70 293.92 292.67 294.08 294.11 293.49 292.68 293.95 293.78 293.63 293.30 293.84 293.80 292.74 292.90 292.98 293.46 292.67 293.75 294.01 292.96 293.24 293.18 293.36 293.23 293.00 292.67 292.69 293.80 293.70 292.93 292.70 293.22 293.17 292.85 294.02 293.04 293.12 293.41 293.46 292.97 293.90 292.96 293.29 293.41 293.91 293.84 293.89 293.32 293.72 293.61 292.86 293.23 293.55 294.09 292.72 293.48 293.01 293.60 293.66 293.50 294.09 292.73 293.34 294.12 293.71 293.13 293.20 292.97 293.55 293.67 293.40 293.28 292.91 292.75 293.45 294.03 293.93 293.68 293.07 292.84 293.87 293.88 293.13 294.04 293.01 293.76 293.24 294.04 293.75 293.32 293.36 293.79 293.71 293.90 293.32 293.04 293.31 293.41 292.75 292.63 293.95 293.03 293.88 292.84 292.70 294.04 293.22 293.52 293.40 293.86 293.65 293.12 293.32 293.19 293.22 292.95 292.83 293.07 292.74 293.27 294.07 292.71 293.03 293.63 292.72 294.07 293.68 292.95 293.88 293.88 292.73 293.67 292.77 292.94 292.96 293.82 293.19 293.40 294.11 292.99 293.40 293.69 292.63 293.74 293.55 293.84
293.11 292.66 293.84 294.09 292.67 293.00 293.83 293.94 293.55 293.65 293.89 293.15 293.38 293.62 293.87 293.62 293.19 293.40 292.84 293.96 293.81 292.80 293.98 293.78 293.60 293.71 293.24 292.65 292.65 293.70 292.85 294.10 293.01 293.92 294.00 293.94 292.81 292.68 292.96 293.99 292.64 293.90 292.63 294.11 292.85 293.29 292.82 293.39 293.05 293.90 292.80 293.72 292.94 292.87 293.55 292.68 292.76 294.01 292.68 293.49 293.85 293.07 293.07 292.67 293.60 293.33 293.54 292.92 293.68 293.88 293.89 293.50 293.53 294.02 294.01 294.04 293.98 293.24 292.80 293.03 293.68 293.37 293.84 293.04 293.52 293.65 293.79 293.33 292.94 292.87 292.76 293.84 293.91 292.95 292.76 294.03 293.81 292.88 293.58 293.18 293.91 293.46 293.57 294.07 294.05 293.23 293.38 292.89 294.09 292.99 293.87 293.78 293.15 293.83 293.98 292.70 292.63 293.07 293.08 293.66 293.01 294.04 293.99 292.70 293.05 292.88 293.19 292.93 293.69 292.91 293.10 292.71 293.45 293.25 293.33 292.72 293.58 293.96 293.44 293.95 293.33 292.65 292.75 293.14 293.96 293.45 293.11 293.16 293.68 292.82 293.21 293.64 294.05 294.00 293.14 293.51 293.67 292.65 293.91 293.35
293.78 293.02 293.81 293.43 293.31 292.90 293.92 292.86 292.92 294.10 293.09 293.38 292.80 293.33 294.04 293.06 293.84 292.77 294.05 293.69 293.38 292.81 293.33 293.66 293.20 293.28 293.36 293.09 294.12 293.40 292.66 293.22 293.29 293.40 293.88 292.66 293.11 293.19 293.76 293.03 293.89 293.40 293.08 293.85 293.61 293.47 293.55 293.67 293.96 293.70 292.76 292.85 293.60 293.83 293.27 293.67 294.04 293.63 293.38 293.16 292.89 292.71 293.63 292.71 293.11 293.72 293.05 293.58 293.80 293.04 294.09 292.92 293.23 292.99 292.89 293.84 293.83 294.05 293.27 293.53 294.02 293.61 293.62 293.86 293.02 292.72 292.64 292.84 292.72 293.83 292.82 293.76 293.90 293.31 294.08 292.84 293.95 293.28 293.05 293.04 293.26 293.43 293.00 293.31 293.66 293.73 293.62 293.70 293.66 293.08 292.84 292.66 293.52 292.98 293.03 293.13 293.55 292.94 293.34 292.94 293.41 292.81 293.57 294.05 292.79 293.37 294.12 292.96 293.31 293.89 293.40 292.93 292.89 293.33 293.81 293.78 293.61 293.51 293.50 293.43 293.95 292.79 292.76 293.60 293.25 293.35 293.93 293.06 294.12 292.69 293.22 293.53 294.12 293.22 292.78 293.13 294.05 293.67 293.46 293.56
293.84 293.61 293.72 294.05 293.40 293.51 292.81 294.08 293.88 293.96 294.09 293.58 292.88 292.77 293.77 293.39 293.53 293.70 292.88 294.05 293.93 292.98 293.70 292.80 293.57 294.07 293.96 292.64 292.99 293.18 292.66 293.35 293.63 292.83 294.02 293.11 293.01 293.89 292.73 293.03 293.03 292.98 293.56 292.98 293.23 293.20 293.19 293.28 293.33 292.90 292.65 292.71 293.68 293.42 292.78 293.79 292.72 293.78 293.48 292.64 293.77 292.78 293.46 293.26 293.33 292.65 292.81 293.26 292.97 293.76 292.74 293.18 293.27 293.19 293.68 293.80 293.61 293.97 293.99 292.99 292.79 292.77 293.74 293.42 294.02 293.80 293.91 292.90 292.68 292.63 292.85 293.13 292.92 294.11 293.93 292.97 292.91 292.73 292.79 293.69 293.65 293.67 293.08 292.97 293.14 293.20 292.91 292.75 292.89 292.93 293.66 292.74 293.34 293.56 293.60 292.84 293.13 294.00 292.71 292.89 293.35 293.64 292.69 293.48 293.54 293.76 293.38 293.93 293.79 293.03 294.04 294.03 293.82 293.80 293.68 293.14 293.52 293.18 292.73 293.53 293.81 292.78 292.64 292.71 292.74 293.58 292.81 293.16 293.09 293.68 293.41 293.86 293.58 293.88 293.42 293.33 293.52 293.74 292.86 292.83
293.90 292.71 293.12 293.93 293.02 293.07 293.72 293.26 293.24 292.67 292.74 293.08 293.36 293.13 293.13 293.16 293.41 293.89 292.66 293.98 293.35 292.63 293.92 293.02 293.64 293.05 293.85 293.46 293.07 292.96 293.48 293.85 293.21 294.05 292.77 293.46 292.67 293.64 293.24 293.26 294.03 293.75 293.92 293.93 292.77 294.07 293.79 292.75 294.02 293.23 293.02 293.58 293.33 293.78 292.84 292.69 292.74 293.73 293.62 292.93 293.90 293.90 293.39 293.52 292.83 293.43 293.96 292.68 293.49 292.84 293.27 293.46 293.55 293.20 293.81 293.48 292.70 292.65 293.83 292.96 294.04 293.21 293.78 293.16 293.74 293.16 292.92 293.31 293.86 293.20 294.05 293.48 293.38 293.83 292.69 293.09 293.70 293.10 293.19 292.91 293.83 293.37 293.86 294.02 293.27 292.71 293.13 293.54 292.84 293.03 293.21 292.87 294.00 292.66 293.95 293.45 293.39 292.90 293.80 292.85 293.67 293.49 293.28 292.70 293.88 293.11 293.93 293.56 292.87 293.35 293.40 292.90 293.15 293.91 292.88 292.81 292.63 293.93 293.65 293.00 292.89 293.21 293.30 292.73 293.69 294.07 293.15 293.11 292.68 293.62 293.37 294.00 292.90 292.67 293.07 292.63 292.76 293.58 293.32 293.75
293.72 293.16 293.25 292.95 294.07 293.20 293.21 292.75 293.35 293.58 293.73 293.11 293.95 293.09 293.42 293.81 293.62 293.22 294.10 292.96 293.74 293.82 292.82 293.03 293.59 292.84 293.24 293.09 294.11 292.78 294.03 293.85 293.76 292.65 293.65 293.37 293.58 293.36 293.30 293.98 293.95 293.13 294.07 293.34 292.74 294.09 292.78 293.03 293.85 293.94 294.08 294.03 293.36 292.69 293.86 294.02 293.44 294.12 293.48 293.74 293.05 292.75 293.59 293.74 293.76 293.68 293.44 293.58 294.12 293.34 293.15 293.57 293.34 293.52 293.36 294.03 293.60 293.66 294.09 293.04 293.77 293.25 294.08 293.98 294.05 293.22 293.03 293.77 292.82 293.59 293.64 293.73 292.86 292.85 293.10 293.82 293.03 293.73 293.97 293.86 292.92 293.28 293.31 292.84 293.53 292.72 293.15 293.95 293.19 292.91 293.39 293.24 293.27 293.24 293.72 293.00 292.78 293.98 293.57 293.19 292.67 293.58 293.72 293.82 293.46 293.00 292.65 293.62 293.70 292.86 293.65 293.06 292.90 293.30 292.76 293.03 293.57 293.77 294.00 293.20 292.91 293.56 294.11 293.06 293.29 292.96 292.87 293.73 292.99 293.59 293.95 293.11 293.31 293.91 293.44 293.14 293.07 293.47 293.98 294.09
293.86 293.16 293.31 292.82 292.95 293.81 293.05 293.86 293.12 293.51 293.64 293.56 294.11 292.82 293.68 293.97 292.99 293.66 293.32 293.97 294.01 293.65 292.85 293.56 293.38 293.68 293.84 293.79 292.90 293.16 292.73 293.77 293.57 293.87 292.88 293.53 294.05 293.02 293.31 292.85 293.88 293.39 293.13 293.51 292.66 294.11 293.03 293.05 293.60 293.50 293.56 293.22 293.36 292.97 293.28 293.92 292.71 293.75 293.02 293.18 293.38 292.81 292.96 293.44 293.14 292.76 293.13 292.96 293.41 292.83 293.22 294.09 292.85 293.59 293.98 293.38 293.12 293.81 293.65 293.60 293.14 292.80 293.67 293.09 292.90 293.44 293.22 293.05 293.21 293.54 293.83 292.70 293.88 293.39 292.87 293.02 292.86 293.55 292.94 293.63 293.48 293.25 292.71 293.07 293.89 293.15 292.80 292.70 293.67 293.33 293.85 293.28 292.78 293.45 293.40 292.79 292.87 293.06 293.25 292.86 293.58 293.90 292.89 293.15 292.67 293.93 294.03 292.78 292.96 293.94 293.00 294.03 293.00 293.72 292.76 293.52 293.31 293.68 293.90 294.08 293.36 293.48 293.35 292.63 293.96 294.05 292.67 292.72 293.09 293.74 293.36 292.90 293.86 293.04 292.94 293.14 293.22 293.61 293.73 293.54
293.25 292.86 293.89 292.64 293.41 293.76 292.69 292.83 293.59 293.20 292.80 293.58 293.86 293.88 293.15 292.65 293.02 293.54 292.69 293.20 293.54 293.87 294.08 293.16 293.75 292.83 292.75 292.87 293.87 293.62 293.68 293.09 293.00 293.41 292.78 294.00 293.38 293.06 293.18 292.79 293.47 292.97 293.53 293.76 294.07 292.76 293.08 293.98 293.22 294.09 292.66 292.81 292.85 293.58 292.66 293.30 292.94 294.04 293.73 293.85 293.78 292.82 293.53 293.86 293.43 293.87 293.97 293.54 294.05 293.76 293.61 292.84 293.43 293.54 292.87 293.99 293.58 293.86 293.38 292.74 293.12 293.52 292.74 292.74 293.92 294.06 293.71 292.71 293.01 292.80 292.66 293.16 294.06 292.75 293.35 292.89 294.00 293.07 293.30 293.86 292.90 293.61 293.71 293.61 292.79 293.19 293.90 292.90 292.70 293.48 293.05 293.32 292.69 293.81 293.87 293.99 292.68 293.82 293.03 292.67 292.86 293.82 293.98 292.93 293.94 293.58 293.00 293.15 293.45 293.17 293.78 293.75 292.95 293.68 293.03 293.17 293.94 293.25 292.81 293.79 293.59 293.60 294.06 293.75 293.81 293.40 293.22 293.34 293.12 294.00 293.23 293.95 293.74 293.96 293.20 293.31 292.95 293.97 293.84 293.70
293.35 293.31 293.64 293.48 293.79 292.76 293.54 293.86 292.78 293.16 293.34 293.84 293.56 293.74 293.11 293.97 292.85 293.07 293.45 292.67 292.85 292.66 293.70 293.90 293.28 293.13 293.90 293.98 293.79 293.22 292.78 293.90 293.97 292.77 293.69 293.51 294.09 293.02 293.52 293.39 292.86 292.64 293.81 294.06 293.50 293.87 293.46 293.97 293.22 294.08 293.21 293.22 294.03 293.11 292.67 293.68 293.39 293.59 292.69 292.84 292.72 293.81 293.77 293.74 293.36 292.67 294.00 293.30 293.18 293.81 293.35 293.96 293.98 293.39 293.07 292.72 292.73 293.67 292.68 293.49 293.99 292.67 292.68 293.61 293.50 292.78 292.81 292.97 293.94 293.71 292.93 293.57 292.88 293.11 293.49 293.27 294.03 293.52 293.19 293.49 294.04 293.61 292.80 293.67 293.70 293.53 292.93 293.79 293.83 293.24 294.05 293.58 293.30 292.67 293.10 293.31 293.44 293.73 293.06 293.91 292.72 293.63 293.01 293.56 292.71 292.82 293.94 292.66 293.76 293.96 292.63 293.79 293.99 294.05 293.52 294.01 293.34 292.97 293.96 294.04 293.72 293.18 293.77 293.43 292.99 293.98 293.65 293.77 293.09 293.27 293.88 293.23 293.05 293.10 293.20 293.09 293.25 292.69 293.01 293.19
293.45 293.16 293.78 292.92 292.68 292.86 294.08 293.41 293.02 292.72 293.46 293.38 293.76 292.98 293.35 294.00 293.22 293.87 293.96 293.24 293.85 293.91 293.01 294.06 293.50 293.69 293.38 293.77 293.90 293.95 293.09 293.58 293.31 294.02 293.43 293.05 292.71 293.78 293.30 293.89 293.88 293.27 293.31 293.75 294.10 293.83 293.92 292.78 293.33 292.90 293.82 293.99 293.10 292.64 293.61 293.33 293.75 292.84 292.96 293.71 293.54 293.85 292.90 292.79 293.58 293.36 293.63 293.18 293.89 293.24 292.85 293.84 292.74 293.93 293.53 292.96 293.68 293.99 293.49 293.92 294.02 293.22 294.06 293.20 293.62 294.08 293.21 294.07 294.01 294.03 292.79 294.09 293.80 292.71 292.80 293.14 293.59 293.79 292.99 293.51 293.86 293.56 293.36 293.80 293.18 293.90 293.50 292.73 293.42 292.96 293.96 293.44 293.62 292.98 294.04 293.33 293.32 292.76 292.83 293.15 292.70 293.78 293.52 294.01 293.16 292.96 293.19 293.60 293.97 294.11 293.02 293.06 293.08 293.52 293.34 292.69 293.32 293.75 294.00 293.51 293.42 293.97 293.50 292.73 294.03 292.73 292.96 293.69 292.75 292.76 293.09 292.64 293.71 293.40 293.94 293.06 294.04 293.72 292.91 293.97
293.33 292.86 293.78 293.25 293.19 294.04 293.35 293.85 293.91 292.63 293.99 293.36 293.45 292.98 293.71 293.87 292.82 293.35 292.65 293.37 293.74 293.99 293.82 293.62 293.79 293.65 294.05 293.57 293.41 293.13 293.90 293.42 294.07 293.90 293.08 293.81 293.92 293.68 292.64 293.97 293.80 292.77 293.81 293.49 293.03 292.71 293.05 293.64 292.78 294.05 293.30 293.97 293.79 292.72 293.49 293.87 292.68 293.93 292.78 293.36 294.05 292.75 292.91 292.93 292.95 293.98 294.05 293.75 293.75 292.98 293.25 293.97 292.71 292.78 292.63 292.89 293.75 293.52 293.37 293.98 293.43 293.44 292.69 292.95 293.42 293.44 293.53 293.60 293.95 293.65 294.07 293.03 293.38 292.87 293.53 293.88 293.03 292.91 292.77 293.53 292.63 292.86 292.67 293.07 292.64 293.88 292.98 292.84 293.75 293.24 293.44 293.92 294.07 293.03 293.88 293.91 293.81 293.92 293.63 293.24 293.18 293.67 292.88 293.05 293.73 292.97 292.86 293.66 293.87 294.12 293.82 293.17 293.47 292.82 294.04 292.82 293.96 293.69 292.95 293.82 293.77 292.83 293.16 293.04 293.36 293.91 292.69 293.31 293.73 292.71 294.00 293.99 292.85 292.72 293.84 293.82 293.27 292.97 292.76 293.95
293.32 293.76 293.85 292.79 293.27 293.35 293.11 293.26 293.14 292.71 292.82 292.65 293.21 292.75 293.45 294.05 293.85 293.41 294.12 294.01 293.54 293.24 294.04 294.06 293.75 292.71 293.54 293.18 294.11 293.10 292.85 293.20 293.95 292.82 294.12 292.67 293.32 292.92 293.38 292.64 293.40 293.37 293.59 293.94 293.12 293.79 293.98 293.93 293.65 293.75 293.93 293.83 292.89 293.70 293.30 292.67 293.42 293.61 293.51 293.56 294.00 292.64 293.35 293.83 292.96 292.96 293.65 292.94 293.35 292.82 293.12 292.92 294.10 293.21 293.26 294.02 293.42 293.31 294.01 294.08 293.38 294.01 293.00 292.83 293.01 292.77 293.48 292.98 293.70 293.76 293.12 293.84 292.94 293.48 293.18 293.89 293.66 294.04 292.76 293.40 293.66 293.46 293.27 292.95 292.81 293.99 292.78 293.02 292.63 293.82 293.52 293.09 293.86 293.25 293.80 292.79 293.36 292.93 293.68 294.06 293.85 293.63 292.75 293.44 293.55 294.12 293.49 294.04 292.85 293.21 293.54 292.76 293.63 293.15 293.25 293.08 293.01 292.81 293.08 293.92 293.12 293.70 294.00 293.92 293.58 293.38 294.09 293.47 293.59 292.91 293.14 293.13 293.71 294.00 292.68 293.20 293.24 293.95 292.69 293.83
292.74 293.70 294.02 293.51 293.21 292.99 293.81 294.08 293.91 294.06 293.30 293.95 293.71 293.46 294.08 292.95 292.87 293.59 293.58 293.75 293.75 293.49 293.61 293.32 293.31 293.76 293.86 293.85 293.97 292.84 293.20 293.55 293.41 292.92 293.71 293.85 293.17 293.03 293.35 293.96 294.11 293.52 294.02 293.33 293.62 292.83 293.65 293.39 292.89 294.10 293.72 293.85 293.97 293.31 292.69 293.76 293.43 292.96 293.89 292.67 293.28 293.62 293.84 294.06 294.04 292.64 293.62 293.88 293.84 293.62 292.66 294.10 293.33 293.93 294.05 293.68 294.00 293.71 293.97 293.05 293.77 293.69 294.09 293.29 293.37 293.59 292.97 293.64 293.60 292.89 292.68 293.07 293.98 293.58 293.35 294.03 294.01 293.78 293.61 293.25 294.10 293.15 293.14 293.97 294.00 292.75 293.37 292.72 292.72 293.12 293.07 293.90 294.04 293.22 292.64 293.10 293.05 293.20 293.61 293.93 293.70 293.75 293.08 293.04 293.70 293.81 293.27 293.73 293.39 293.16 293.01 293.66 293.53 292.67 293.21 292.86 292.87 292.92 293.91 293.79 293.79 294.05 293.77 294.03 293.42 292.72 294.10 293.88 292.71 292.76 294.06 292.88 293.12 293.50 292.97 293.61 293.78 292.94 292.80 293.04
294.10 293.53 293.49 293.53 293.21 293.06 293.49 292.75 293.50 292.72 293.56 293.26 293.53 293.98 293.82 293.02 292.69 293.81 293.35 293.16 293.60 293.81 293.45 293.45 293.91 293.22 292.69 294.06 293.07 293.45 293.42 293.73 293.56 292.80 293.46 292.81 293.07 293.03 293.22 292.89 294.01 293.39 292.98 293.85 293.85 294.10 293.24 292.67 292.92 293.09 293.61 293.97 293.77 293.49 293.67 292.69 293.31 293.59 293.46 293.04 292.93 293.22 293.21 293.67 294.10 293.30 292.78 293.09 294.01 293.99 292.70 292.76 293.10 293.43 292.72 292.72 293.83 293.19 294.03 293.43 293.56 294.11 292.85 293.54 293.77 293.56 293.34 293.65 292.78 293.23 293.62 293.31 293.14 293.37 293.91 293.60 293.36 294.01 294.05 293.70 292.82 292.72 292.70 294.05 292.95 293.67 293.51 293.72 293.32 293.96 293.52 293.46 294.10 293.24 293.24 292.78 293.34 293.20 293.90 293.60 293.60 293.83 293.27 292.70 293.86 293.23 293.04 294.10 292.82 293.25 293.76 292.83 293.20 293.55 293.22 293.78 293.10 293.81 294.12 293.76 293.58 293.99 292.63 294.00 292.76 293.12 293.98 293.96 293.95 293.20 293.56 294.00 292.93 293.60 292.94 292.64 293.84 292.65 293.50 293.48
293.95 293.27 293.01 292.91 293.93 293.53 293.09 293.70 293.38 292.85 292.72 293.83 293.67 293.53 292.85 293.19 293.17 293.85 293.81 293.26 293.70 293.07 293.32 293.58 293.92 293.02 293.13 292.82 293.95 293.80 293.04 293.90 292.96 293.76 293.90 292.74 292.83 293.93 292.79 293.15 293.99 293.79 293.83 293.10 293.57 293.10 293.17 293.98 293.77 292.74 293.59 293.87 293.25 293.05 293.89 292.98 293.00 293.17 293.54 293.70 293.71 293.86 293.00 293.92 293.21 293.48 293.08 294.08 293.67 293.10 293.26 292.64 293.86 293.24 293.73 293.71 293.23 293.44 293.87 293.27 293.96 294.08 294.08 292.79 293.01 293.74 293.51 293.80 292.70 294.11 293.81 293.92 293.93 293.17 293.98 293.11 292.69 292.79 293.10 293.47 292.92 293.65 293.81 294.09 293.35 293.28 293.08 292.98 292.68 293.83 293.00 292.64 293.54 293.26 293.11 294.10 293.37 293.37 293.36 292.99 293.42 294.02 293.72 293.96 293.64 292.99 292.72 293.28 292.83 293.25 293.58 293.55 293.95 293.97 292.70 293.35 293.19 293.98 293.60 293.23 292.88 293.92 293.41 293.85 292.99 294.05 293.61 293.05 293.26 292.88 293.42 292.93 292.84 294.03 292.71 293.29 292.66 292.67 293.94 292.81
293.47 293.37 293.66 292.93 293.68 293.86 293.90 292.91 292.95 293.94 293.23 293.48 293.57 293.76 292.94 294.00 293.86 292.92 292.73 293.54 294.00 293.75 293.78 293.97 292.80 292.92 293.58 293.30 293.85 293.68 292.80 292.80 292.69 293.06 294.02 292.95 293.21 293.00 294.10 293.11 294.12 293.98 294.06 293.83 294.06 293.59 292.82 293.96 292.84 293.88 293.85 293.21 293.90 292.92 292.71 293.36 293.73 293.98 293.84 293.74 293.08 293.38 293.05 293.41 292.69 293.72 293.86 293.94 293.37 293.47 293.38 292.77 294.06 293.65 294.08 292.63 293.41 292.93 293.31 293.55 292.68 293.10 293.39 293.09 293.59 293.19 293.80 293.87 292.87 292.68 292.69 292.81 293.23 292.94 293.72 293.39 293.97 292.98 293.67 293.98 292.70 293.36 292.96 293.23 293.36 293.69 294.06 293.56 293.09 293.14 293.77 293.96 292.77 294.05 293.66 293.72 294.11 292.70 293.08 294.08 293.38 293.07 294.02 293.98 294.05 292.79 293.73 293.79 293.49 293.88 293.72 293.38 293.96 293.28 293.33 293.14 293.30 294.05 293.14 292.67 293.18 293.27 293.46 293.31 293.75 293.64 294.07 293.63 293.38 293.66 293.85 293.90 292.72 292.92 293.74 293.44 293.53 293.55 292.86 293.14
293.43 293.12 293.50 293.16 292.98 293.21 293.62 294.08 293.40 293.55 293.55 293.99 292.75 294.07 293.58 293.11 293.81 293.06 292.77 293.93 294.01 293.42 292.65 293.26 292.66 293.51 292.84 294.08 293.47 293.21 294.01 293.85 293.20 293.71 293.71 293.75 293.57 293.85 294.02 292.82 293.86 293.05 293.82 293.70 293.94 294.04 293.01 293.95 294.08 294.03 292.79 293.01 293.17 293.16 293.71 293.98 294.11 292.74 293.57 293.31 293.64 293.25 293.40 293.73 293.91 293.85 292.84 292.85 293.57 293.45 293.21 292.70 293.84 293.74 293.74 293.83 293.19 292.87 293.16 293.28 292.96 294.11 293.11 293.45 292.74 293.26 292.80 292.95 293.41 293.99 292.72 293.23 294.10 292.63 293.37 293.80 293.16 293.50 293.45 292.72 293.44 293.97 293.57 293.18 293.78 294.07 292.67 293.47 293.23 293.43 293.56 292.71 293.89 293.39 292.99 293.79 292.67 293.28 293.87 293.50 292.76 292.85 293.60 293.07 293.51 293.02 292.65 293.90 293.25 294.06 293.61 293.13 293.16 292.81 293.04 293.43 293.14 294.02 292.97 293.58 293.20 293.89 293.30 292.75 293.82 293.07 294.02 293.72 293.14 293.51 294.03 293.91 293.96 293.20 293.70 293.19 293.39 293.22 293.51 293.40
293.14 293.11 293.07 294.05 292.72 294.03 292.70 293.25 292.92 293.91 292.66 293.53 293.45 292.88 293.35 293.21 293.56 293.41 293.98 293.01 294.01 293.84 292.82 293.91 293.86 293.79 292.65 293.86 293.36 293.76 293.17 293.67 293.82 292.71 293.52 293.30 293.46 293.65 292.66 293.61 293.36 292.83 292.65 292.67 293.49 294.10 292.69 293.85 293.24 294.08 292.97 293.11 293.67 292.79 292.82 293.03 293.64 292.76 292.96 294.08 293.02 293.51 293.25 293.93 293.52 292.71 293.96 293.80 294.11 292.81 292.77 293.02 293.64 293.39 293.84 294.07 294.02 293.78 293.26 293.24 293.78 293.36 292.88 293.42 293.55 292.72 292.79 293.17 292.75 294.11 294.10 292.77 293.65 294.06 293.38 292.93 293.01 293.89 293.75 292.70 293.90 293.72 293.41 293.36 293.01 294.06 293.60 293.84 294.04 293.70 292.82 292.97 292.77 292.75 292.74 293.43 293.52 293.71 293.35 293.58 293.64 293.68 294.10 293.64 294.05 293.75 293.93 293.76 293.60 293.46 292.63 293.67 292.93 293.50 293.31 292.97 293.21 293.13 293.05 293.98 293.08 294.09 292.92 293.65 293.82 292.79 293.10 292.77 293.25 293.79 293.45 293.10 293.58 293.35 293.14 293.57 293.99 292.99 293.43 292.99
293.72 292.99 292.88 293.07 292.69 293.64 293.19 292.66 293.44 293.78 293.56 293.60 292.89 293.62 293.61 294.06 293.41 294.02 293.87 292.93 293.68 292.80 293.69 292.67 293.60 293.48 294.00 293.96 293.32 292.88 293.35 292.86 293.16 293.08 293.76 293.63 293.66 293.71 293.38 293.51 292.96 293.31 294.09 293.65 293.72 292.70 293.54 293.12 292.70 293.16 293.87 293.90 292.89 293.16 293.56 292.72 293.85 292.85 293.66 293.17 293.99 292.65 293.87 293.02 293.26 293.94 293.78 293.57 293.77 292.86 293.38 292.93 292.70 292.78 292.96 293.77 292.89 293.28 292.89 293.57 293.99 293.56 292.80 292.80 292.76 293.47 292.75 293.63 292.77 294.03 293.60 292.83 293.63 293.42 293.88 293.29 293.82 293.71 293.89 293.26 293.55 293.13 293.18 293.13 293.95 292.84 293.94 293.37 293.07 293.97 293.41 293.60 292.91 293.18 293.41 294.03 293.98 293.65 292.87 293.56 293.65 293.89 293.76 293.42 292.65 292.88 293.47 293.24 293.18 293.41 293.69 292.66 293.72 292.91 293.38 293.46 293.02 293.71 292.69 292.80 293.73 292.85 293.28 293.52 293.29 293.02 294.11 293.92 292.79 293.50 292.71 293.43 293.29 293.80 293.96 293.52 293.76 292.89 292.70 292.94
293.93 293.78 293.69 292.79 293.49 293.51 293.59 293.86 293.41 292.79 293.66 292.73 293.66 293.30 292.69 293.39 292.83 293.03 293.82 292.77 293.25 294.01 292.76 293.97 293.18 293.25 293.17 293.20 294.01 294.12 293.32 293.60 293.85 294.02 293.38 293.70 293.10 293.34 293.57 293.97 293.01 294.01 293.38 292.72 294.11 293.26 292.75 293.08 293.72 293.40 293.74 293.12 293.24 293.77 292.78 292.96 293.28 293.38 293.61 292.94 292.95 293.89 293.50 292.80 292.78 293.21 293.02 292.81 293.00 292.92 294.00 292.84 293.06 293.25 293.12 292.66 293.10 293.78 293.28 293.63 293.63 294.04 292.91 293.39 293.27 293.69 292.67 293.11 294.03 293.87 292.67 293.67 293.44 292.98 293.75 294.01 292.77 293.49 293.12 293.52 293.87 293.03 293.37 293.44 293.68 293.39 293.79 292.87 292.85 293.68 293.87 294.09 293.13 293.85 293.68 293.21 294.10 292.96 292.76 293.59 293.43 292.92 293.36 293.27 292.99 293.53 293.30 293.06 293.77 292.85 292.94 293.59 292.83 293.24 293.38 292.75 293.30 293.61 292.84 293.54 293.24 293.32 293.03 293.52 293.63 293.29 292.82 292.75 292.88 293.30 294.07 293.97 293.27 294.05 293.61 293.44 293.74 293.07 293.79 293.04
292.93 294.00 293.21 293.70 293.77 292.96 293.32 293.93 292.98 293.65 292.85 292.80 292.75 292.96 293.50 292.66 293.11 293.75 293.67 293.97 293.71 293.86 293.47 293.39 293.03 294.10 293.26 292.88 294.11 293.47 293.57 293.01 293.67 292.76 293.04 293.78 293.28 292.81 294.05 293.30 292.67 293.29 293.20 292.65 294.06 294.08 294.00 293.36 293.90 293.17 293.76 293.05 293.45 292.86 293.06 293.76 293.89 293.27 292.66 292.89 293.43 293.52 292.74 292.93 293.90 293.41 292.77 293.99 292.85 292.63 293.78 293.03 293.84 293.82 293.95 292.75 292.64 292.99 293.85 292.93 292.65 293.40 292.76 292.92 292.71 294.00 293.39 293.89 293.82 292.90 293.24 293.33 294.12 293.17 293.41 293.99 294.10 293.80 293.53 293.34 292.85 292.94 292.79 293.81 292.94 293.24 292.65 293.86 293.04 293.71 293.49 292.97 292.81 292.95 292.79 293.44 293.79 292.99 293.10 292.94 293.89 293.18 293.67 293.80 293.79 293.33 294.03 294.08 293.07 293.14 293.35 293.10 293.20 293.94 294.12 293.74 293.63 293.15 293.47 294.00 293.38 292.83 293.47 292.86 292.85 293.97 293.08 292.90 293.95 293.29 292.64 292.74 293.76 294.12 292.97 292.67 293.01 293.80 292.94 293.79
293.06 294.09 293.57 293.23 292.79 293.14 293.06 293.98 293.32 293.52 293.88 292.63 293.39 294.03 293.09 293.09 294.02 293.98 293.66 293.93 293.22 294.07 293.78 293.75 293.34 293.14 293.36 292.80 293.50 293.70 294.04 292.85 293.78 293.84 293.94 293.43 293.63 293.28 293.03 293.73 292.67 292.85 293.39 293.06 292.64 293.34 292.81 293.20 292.71 293.25 292.78 292.63 293.37 293.47 293.51 293.68 292.78 293.40 292.82 293.61 293.09 293.88 294.07 293.54 293.52 293.06 293.69 293.13 293.41 294.03 293.89 292.80 293.92 293.83 293.78 294.12 293.96 294.08 292.89 293.51 292.88 292.79 294.11 294.08 294.07 292.96 293.83 293.46 293.57 293.90 292.82 293.74 293.84 292.68 294.09 293.51 293.89 293.27 293.13 292.64 293.75 293.12 292.91 293.78 293.31 293.87 294.01 293.21 292.72 293.78 293.19 293.83 293.05 293.33 294.08 292.65 293.89 292.90 292.91 292.67 293.62 293.30 293.33 293.03 293.19 292.99 292.94 293.44 293.86 294.10 294.07 292.97 293.50 293.27 293.60 292.99 292.80 293.25 292.76 292.63 293.77 293.49 293.76 292.76 293.99 292.78 293.89 293.40 293.84 293.83 292.94 293.98 292.68 294.09 293.70 293.07 292.88 293.09 292.86 293.01
293.29 292.82 294.10 294.08 293.19 292.81 292.74 292.69 292.66 292.67 292.72 292.77 293.00 293.16 293.01 293.58 293.29 293.90 293.69 293.67 293.93 293.31 293.99 292.93 292.83 293.50 293.62 293.10 292.87 293.40 293.51 293.65 293.53 293.27 293.73 292.66 293.88 293.35 293.05 293.22 293.38 293.05 293.23 293.14 293.90 293.43 293.69 293.33 294.10 293.40 293.51 293.24 293.26 292.81 293.58 293.20 293.89 294.04 292.65 293.49 294.01 292.97 293.09 293.24 293.39 293.09 293.43 293.81 293.26 292.75 292.91 293.35 293.80 293.09 293.37 292.70 293.01 293.48 292.89 292.93 294.06 293.48 292.86 293.86 292.98 292.82 293.65 293.89 293.97 293.71 293.87 292.64 293.31 293.21 293.97 293.59 293.33 293.05 293.15 292.71 293.35 293.44 293.19 293.14 293.70 293.67 293.77 292.81 293.80 293.88 292.96 293.78 293.76 293.16 292.86 292.64 293.24 293.96 294.04 293.88 293.35 293.24 293.97 292.97 293.10 293.78 292.90 293.63 293.04 293.13 293.26 292.96 292.92 292.75 293.21 294.12 294.08 292.69 293.36 294.05 293.05 293.75 293.66 293.80 293.63 292.76 293.85 293.56 293.08 293.70 292.85 293.58 293.78 292.79 293.90 293.42 292.93 293.05 292.84 292.65
293.82 293.20 293.71 293.45 293.21 293.16 292.86 292.89 293.93 293.42 293.36 293.09 293.19 293.13 293.38 293.67 293.12 292.93 293.18 292.83 293.70 292.86 293.69 292.88 293.52 294.02 293.60 293.47 293.13 293.06 293.54 293.98 293.14 292.88 293.66 293.98 293.80 293.47 293.92 293.02 292.91 293.14 293.23 292.75 293.80 293.86 292.68 294.11 293.72 293.69 293.73 293.47 292.68 292.99 293.09 292.89 294.01 293.96 293.22 293.11 293.51 293.41 293.16 293.74 293.58 294.08 292.76 293.01 293.65 293.23 293.28 293.18 293.04 294.09 293.59 293.58 294.11 292.84 293.77 292.94 293.45 292.67 293.58 293.91 293.50 293.91 293.10 293.60 293.92 293.96 294.04 292.94 293.93 294.01 293.52 292.88 292.74 292.76 293.89 293.48 293.90 293.32 292.98 293.50 292.97 292.87 293.05 293.58 293.94 293.43 294.00 293.97 292.93 293.82 293.80 293.62 293.62 292.99 293.12 292.78 294.07 293.56 293.47 294.12 292.80 293.46 294.07 293.43 292.63 293.96 292.98 293.69 292.90 293.95 293.28 292.66 293.91 293.38 293.60 293.71 293.19 292.97 293.86 293.44 292.65 293.96 293.88 293.30 293.90 293.33 293.75 292.78 293.66 293.60 293.73 293.84 292.89 293.52 293.79 293.27
293.54 293.09 294.07 293.00 293.81 293.24 292.84 292.68 293.15 293.23 293.65 293.80 293.35 292.95 293.29 292.82 293.07 293.77 293.05 294.01 293.02 292.95 293.39 293.76 293.25 292.68 294.02 293.34 293.14 294.06 292.66 292.69 293.72 293.02 293.32 294.08 293.54 293.17 293.75 292.78 293.59 292.68 293.54 293.71 293.88 293.87 293.98 293.11 293.96 292.90 293.28 293.68 293.37 293.22 293.94 293.82 293.18 294.00 293.64 292.82 293.49 292.78 293.39 292.78 293.70 293.98 292.81 293.07 293.91 294.10 292.81 293.30 293.99 292.72 293.48 292.88 293.15 293.02 293.23 293.40 292.74 293.79 292.97 293.04 293.69 292.64 293.50 293.60 292.64 293.98 292.85 293.93 293.79 293.22 293.76 293.89 293.65 293.13 293.21 292.98 293.90 294.10 293.22 293.67 292.98 293.47 293.25 293.72 293.04 292.83 292.79 294.10 292.83 292.83 292.71 293.72 293.77 294.00 293.23 293.91 293.41 293.20 293.28 293.37 293.25 293.16 293.04 293.92 292.67 293.77 293.52 293.40 293.00 292.69 293.64 292.92 293.41 293.58 293.52 293.76 294.05 293.83 292.81 293.79 292.74 293.53 293.39 293.00 292.98 293.47 293.00 293.03 294.04 293.27 293.97 293.18 293.26 292.94 293.70 292.77
292.98 293.44 293.09 293.01 293.72 293.22 292.92 293.30 292.82 293.01 292.79 294.08 293.76 292.86 293.83 292.90 292.84 293.26 293.80 293.28 292.86 293.54 293.94 293.57 293.60 292.70 293.62 292.82 293.07 292.88 293.71 293.36 294.06 293.96 293.47 292.68 293.37 293.94 293.81 292.79 294.12 293.64 294.11 293.66 293.76 293.82 293.72 293.23 294.04 293.06 293.28 292.79 293.99 293.51 293.55 293.09 293.34 292.90 293.83 293.87 293.37 293.06 292.85 293.37 293.18 292.67 292.71 293.47 293.85 292.65 293.03 293.89 292.90 293.21 292.67 292.68 293.50 294.06 294.00 292.88 293.00 292.94 293.49 293.38 292.80 293.73 293.56 293.94 293.18 293.46 294.07 292.72 293.11 292.71 293.06 294.06 292.63 293.91 293.81 292.66 293.09 294.03 293.33 293.81 293.04 293.39 293.46 292.77 292.92 293.38 293.23 292.79 292.84 293.98 294.09 293.82 293.10 293.15 294.02 293.27 293.13 293.18 293.35 293.71 293.21 292.76 293.60 293.09 293.60 292.67 292.69 292.92 293.24 292.72 293.93 292.91 293.98 293.44 293.28 293.34 293.25 293.51 293.24 293.41 293.52 293.57 294.04 292.86 292.87 293.12 293.76 293.83 293.73 293.45 292.72 293.15 294.10 293.09 293.21 292.99
293.59 293.71 293.44 292.87 293.37 293.68 293.17 293.72 293.88 292.75 293.82 292.90 293.75 293.88 292.97 293.32 293.97 293.92 293.43 293.57 292.88 292.77 292.69 293.04 293.03 293.65 293.48 293.01 292.79 293.32 293.50 294.07 292.77 293.21 293.36 293.97 293.70 293.39 293.90 292.97 293.01 292.65 293.53 292.91 293.98 293.42 293.08 293.16 293.60 292.92 293.94 292.81 294.08 292.92 293.39 293.03 293.07 293.02 293.44 292.69 293.54 293.76 293.02 293.33 293.66 293.18 293.50 293.23 293.18 293.43 292.96 293.22 293.29 292.84 293.34 293.12 292.81 293.89 293.36 293.24 293.25 293.69 293.74 292.80 294.09 292.94 292.77 292.83 293.44 293.93 292.72 294.12 293.73 292.77 294.05 292.71 293.30 293.29 292.73 292.63 293.31 292.65 292.65 292.84 292.80 292.67 292.77 293.46 293.93 292.76 293.74 293.68 293.31 293.32 293.82 293.24 292.71 293.42 293.68 293.52 293.70 293.75 293.29 292.86 292.66 293.10 293.72 293.21 293.43 292.93 292.66 293.45 292.64 293.78 292.73 293.97 292.95 293.82 293.57 292.89 293.84 292.72 293.62 293.10 292.77 293.54 292.68 293.67 293.78 292.83 293.68 293.33 293.37 293.54 293.13 293.45 294.10 293.08 293.41 293.11
293.66 293.24 292.75 293.21 293.97 293.90 293.96 293.31 293.02 293.19 292.77 293.17 293.55 293.31 293.28 292.67 293.73 294.05 292.67 292.99 293.29 293.10 293.16 293.94 293.79 293.40 293.50 294.11 292.66 292.85 293.55 293.95 294.10 293.30 293.38 292.89 293.44 293.30 293.32 292.69 294.03 294.09 292.97 293.79 293.27 293.03 294.10 293.40 293.42 293.45 293.25 293.40 292.83 293.21 293.17 293.86 293.71 293.66 293.71 293.58 292.72 293.20 293.45 293.21 293.49 293.97 292.80 293.26 293.77 293.81 293.70 294.10 293.89 293.15 293.59 293.76 293.44 292.78 292.86 293.23 293.20 292.94 294.06 292.81 293.32 293.37 293.98 293.73 293.14 293.89 292.83 293.54 292.87 292.76 293.03 292.64 293.75 293.84 293.52 293.13 292.88 293.35 293.35 293.13 293.50 293.00 292.80 293.91 292.87 292.69 293.08 293.96 293.86 294.02 293.54 293.43 292.80 292.89 294.03 292.83 293.49 293.88 293.46 293.74 293.17 293.38 293.12 293.68 292.82 293.13 292.88 293.80 293.18 292.69 292.67 293.75 293.71 293.87 294.08 293.19 293.69 293.92 293.68 292.96 293.87 293.42 292.73 292.74 293.92 293.62 293.31 293.72 293.37 293.13 293.12 293.55 292.84 292.73 294.00 293.65
293.33 293.26 293.04 293.87 292.99 293.81 293.98 292.72 293.96 293.95 293.07 293.03 293.12 293.97 293.33 294.10 293.73 293.16 293.95 293.14 293.95 293.99 294.06 293.06 293.50 293.24 293.92 293.18 293.77 293.80 293.20 293.75 293.21 293.15 292.97 294.00 293.67 293.05 293.23 292.72 293.27 292.90 293.93 292.79 293.58 293.01 293.30 293.49 293.55 292.83 293.15 293.28 293.12 293.31 292.97 292.63 292.78 293.59 293.55 293.52 292.68 293.40 293.92 293.78 293.17 293.74 293.99 292.94 293.71 293.22 292.70 292.73 292.89 293.91 293.80 293.22 293.36 293.40 292.86 293.21 293.78 293.93 293.35 292.81 293.65 293.69 293.88 293.44 294.11 293.01 293.88 292.98 294.11 292.98 292.80 293.50 293.96 293.23 292.96 293.40 293.00 293.17 293.17 292.79 293.25 292.77 292.75 293.10 293.61 293.72 293.74 292.89 292.77 293.78 293.84 293.98 293.37 293.11 293.62 293.29 294.04 293.71 292.78 292.72 292.83 293.95 293.47 292.71 293.73 292.84 293.02 292.84 293.20 293.43 293.82 293.72 293.85 292.97 293.60 293.76 293.78 292.80 292.82 293.32 293.19 293.57 293.26 293.53 292.68 293.20 293.81 292.79 293.45 293.70 293.72 293.77 293.77 293.70 292.95 294.02
293.73 292.64 294.12 292.80 293.17 292.83 293.70 292.82 293.19 292.78 293.13 293.64 293.00 293.77 294.10 293.68 293.22 292.63 292.95 293.53 293.54 293.70 293.67 292.68 293.05 293.41 292.97 293.01 293.35 293.23 292.95 292.79 293.02 293.44 293.91 292.85 293.68 293.26 293.22 293.14 293.62 292.94 293.29 292.93 293.14 293.18 293.50 293.10 293.76 292.70 293.30 293.16 292.90 292.91 293.58 293.37 293.10 293.40 292.72 292.63 293.34 293.86 293.51 293.80 293.18 294.00 293.84 293.23 293.24 292.64 292.64 293.31 293.58 293.56 294.03 293.46 293.86 292.70 293.77 294.05 293.75 293.75 292.81 293.55 294.01 293.75 292.85 293.71 294.10 293.29 292.88 293.62 292.93 293.69 293.69 293.41 293.96 292.71 293.33 294.03 292.97 293.93 293.98 293.88 293.83 293.83 293.06 293.57 293.03 292.93 293.98 293.96 292.69 292.77 294.09 292.99 293.78 293.74 292.72 293.11 293.60 294.04 293.48 293.47 293.63 292.73 293.44 292.82 293.72 293.47 293.36 293.55 293.08 292.78 293.85 293.52 293.50 292.72 293.51 293.12 293.05 293.10 292.70 293.28 293.11 293.87 293.30 293.23 294.03 293.51 293.16 293.76 293.15 293.27 293.93 293.66 293.58 293.82 293.33 293.95
293.62 293.61 294.03 292.96 293.16 292.66 293.22 292.73 293.58 293.02 293.52 293.83 293.76 294.11 293.32 293.36 293.45 293.68 293.24 292.99 293.84 293.85 292.80 292.63 292.65 293.23 293.47 293.83 293.77 293.13 292.82 292.98 293.58 292.94 294.05 292.70 292.98 293.94 293.28 292.75 292.68 293.21 293.72 292.89 293.97 293.55 294.10 293.66 294.10 292.78 293.22 292.99 293.86 293.33 292.82 293.63 293.33 292.99 292.87 292.90 293.56 293.54 293.93 293.97 293.76 293.11 292.77 293.13 294.04 293.07 292.63 292.76 292.72 292.97 293.46 293.62 294.00 293.42 292.63 293.46 293.61 293.63 294.11 293.10 293.12 294.10 292.67 293.38 292.97 293.29 292.71 293.12 293.36 293.76 293.34 294.01 292.66 293.16 293.16 292.73 292.90 293.03 293.38 293.70 293.10 293.90 293.84 292.79 293.69 293.68 293.89 294.09 293.08 293.13 294.04 293.35 293.09 293.01 293.64 293.67 294.09 293.95 293.28 293.70 292.97 292.93 293.54 293.29 293.85 293.43 293.32 293.74 293.93 293.37 293.11 292.93 293.83 293.58 293.60 293.71 292.67 292.92 293.07 292.87 292.94 292.72 293.71 292.67 293.43 293.34 293.97 293.70 293.25 293.20 293.35 294.12 293.32 293.68 292.66 293.89
293.01 293.28 294.01 293.59 292.79 293.60 292.73 293.40 292.78 293.92 294.00 294.08 292.70 293.02 293.35 293.83 293.69 293.28 293.32 292.92 293.33 293.26 293.36 293.72 293.17 293.11 292.93 293.85 293.65 294.01 293.74 293.09 292.99 293.51 293.17 293.10 293.19 293.32 293.18 294.07 293.59 292.83 293.59 293.39 294.08 292.94 294.04 293.09 293.03 292.96 293.51 292.68 293.27 292.78 293.83 292.93 293.17 293.21 292.72 293.04 293.36 292.87 293.19 293.48 293.43 293.22 292.66 292.64 293.50 292.63 292.65 293.97 293.17 294.07 293.50 293.12 293.58 293.57 292.63 293.15 293.92 293.39 293.30 293.13 292.98 294.03 293.47 293.24 292.92 292.95 294.12 292.99 292.63 294.06 292.72 292.81 292.99 293.20 292.63 293.09 293.95 292.66 292.84 294.04 294.02 293.88 293.63 293.23 293.10 293.77 293.84 293.53 293.41 293.74 293.02 293.27 292.64 293.35 293.29 293.27 293.11 293.08 293.03 292.96 292.70 292.63 293.56 293.84 293.79 293.68 294.09 292.73 293.48 293.63 293.74 293.00 293.68 292.88 294.08 293.27 293.99 293.22 292.75 293.90 292.68 292.75 292.92 293.55 293.98 294.05 292.95 293.41 293.82 293.64 293.29 293.12 292.74 294.08 293.94 293.52
292.80 293.89 293.53 292.67 293.95 292.97 293.85 292.73 293.37 292.94 293.41 293.27 292.95 293.80 293.94 292.75 293.87 294.00 293.64 292.95 293.34 293.91 294.05 292.77 293.42 293.40 292.67 293.48 293.93 294.07 293.32 293.57 293.94 293.24 293.98 293.98 292.96 293.56 293.97 292.63 293.31 293.13 293.87 293.71 293.83 292.86 293.05 293.01 294.02 293.08 294.09 293.44 293.25 293.92 292.63 293.76 293.44 293.44 293.19 293.48 292.79 293.25 293.25 293.24 293.58 293.71 292.81 293.40 293.45 294.06 293.45 293.45 292.73 293.37 293.43 293.64 293.10 293.81 293.05 293.04 293.42 294.04 292.92 293.39 293.40 292.93 293.83 292.74 293.02 292.96 293.27 293.07 293.25 293.80 292.96 293.96 293.08 294.05 293.37 293.76 293.73 293.87 292.99 294.08 293.28 293.95 293.54 293.28 293.42 293.75 292.65 292.63 293.99 292.81 293.94 292.75 293.10 293.30 293.90 292.90 294.11 293.32 292.70 294.07 294.12 293.16 293.93 293.13 293.19 293.95 293.31 292.88 293.16 292.75 293.20 294.12 292.64 292.88 292.63 293.34 293.67 293.38 293.75 292.64 294.09 293.71 293.78 293.50 292.78 293.95 293.26 293.58 293.94 292.82 292.76 293.88 293.61 293.12 293.27 292.72
292.79 293.02 293.29 293.63 293.38 293.38 293.34 293.67 292.64 293.16 292.66 293.16 293.74 292.65 293.86 293.29 293.77 294.12 293.77 292.88 293.04 292.72 293.60 293.26 292.99 292.81 292.85 292.95 293.56 293.35 293.01 293.03 292.69 292.77 292.66 293.94 293.95 293.74 292.84 292.97 293.40 293.67 294.03 293.29 293.87 293.54 292.63 293.71 292.71 294.07 292.68 293.27 292.99 293.61 293.42 293.37 293.56 292.73 293.68 293.62 292.79 293.13 293.37 293.65 293.32 293.62 293.82 293.23 293.49 292.94 293.01 293.82 293.58 293.68 292.84 292.84 293.56 292.74 293.16 293.76 293.04 294.08 293.78 293.50 293.31 293.10 292.65 293.40 294.09 293.66 292.83 293.08 293.28 293.72 293.89 292.86 293.39 292.90 294.07 293.74 293.95 292.91 293.83 292.84 292.63 293.51 293.26 292.90 293.58 293.87 293.68 293.75 292.76 293.40 292.81 293.90 293.79 294.10 294.03 293.31 293.63 292.98 294.06 294.00 293.66 292.96 292.81 292.74 294.04 293.01 293.15 293.57 293.67 293.93 294.10 292.67 293.11 293.21 293.32 293.95 293.76 294.06 293.04 293.17 292.65 293.47 292.88 293.88 293.11 292.94 293.66 293.52 292.81 293.91 293.85 292.75 293.09 292.85 293.71 293.23
293.90 293.52 293.67 292.89 293.98 292.82 293.48 293.39 292.98 292.75 293.70 293.24 293.58 293.81 293.40 293.13 292.98 293.65 292.85 292.82 292.63 293.67 293.79 292.91 293.34 294.05 293.95 292.93 292.80 293.94 294.08 294.10 293.63 292.76 292.76 292.99 293.38 292.66 292.95 293.83 294.11 293.80 294.07 293.20 293.94 292.76 293.91 293.64 293.47 293.71 292.90 293.24 293.86 293.98 292.90 293.22 293.16 293.05 292.66 293.23 294.11 293.19 292.69 293.01 293.73 293.42 293.24 292.81 292.93 293.43 293.29 294.04 292.95 292.80 293.52 292.99 294.05 293.21 293.79 293.62 292.81 292.87 294.09 292.93 293.93 293.54 293.79 292.72 293.00 292.88 293.42 293.50 293.79 293.67 293.46 294.04 293.89 293.74 293.43 292.99 292.90 293.89 293.61 293.56 293.08 292.87 293.16 292.87 293.58 292.66 292.90 293.75 293.57 292.74 292.75 293.92 293.01 293.13 294.00 293.79 293.47 293.26 293.10 294.10 293.93 293.50 293.63 292.68 293.23 293.79 293.44 293.11 293.02 292.72 293.41 292.66 293.25 294.02 293.71 293.39 293.50 294.05 293.57 293.11 293.37 293.03 292.89 293.53 293.78 293.00 293.93 294.05 293.55 294.06 293.13 294.09 293.89 292.97 293.98 293.01
293.50 294.09 293.44 293.12 293.36 293.41 292.73 293.44 292.76 293.91 292.92 292.85 293.69 293.06 293.43 293.82 294.08 293.13 293.11 293.41 292.95 293.12 293.26 292.68 293.02 293.81 293.49 293.29 293.72 294.05 293.96 293.12 294.05 292.76 293.68 294.05 292.66 293.14 293.66 293.23 292.69 293.29 293.23 293.31 293.77 292.66 292.91 293.35 292.94 292.66 293.36 292.88 292.79 292.89 293.34 293.74 293.25 293.71 292.98 293.15 293.37 293.56 293.97 293.90 293.38 292.92 293.74 293.12 293.91 293.29 293.89 293.53 293.60 293.57 293.60 292.94 293.72 292.88 293.35 293.81 293.57 293.33 294.00 293.81 293.45 293.43 293.49 293.16 293.88 294.01 292.85 293.46 293.28 293.94 293.16 293.50 292.81 294.11 294.04 293.04 292.83 293.38 293.41 293.12 294.05 293.56 293.58 293.32 292.67 292.63 293.56 292.76 293.64 293.06 293.76 293.63 293.20 293.55 294.09 293.48 292.69 293.40 293.16 293.35 293.61 293.03 293.36 293.01 293.88 293.37 293.14 293.14 292.91 293.21 292.92 293.33 293.26 293.59 293.50 293.57 293.44 292.76 292.69 293.48 293.10 293.51 293.84 293.26 293.79 293.02 293.17 293.88 293.58 293.34 292.94 294.05 293.74 293.44 293.72 294.10
294.06 293.02 292.77 293.14 293.69 293.28 293.54 292.98 292.79 293.17 292.95 294.10 293.92 292.69 293.41 293.26 293.92 293.74 293.99 292.67 292.80 292.94 293.95 292.88 293.88 292.99 293.14 293.66 292.68 292.71 292.95 293.69 293.82 293.10 294.12 294.02 292.66 294.09 293.97 293.95 293.33 293.74 293.70 293.53 292.95 293.87 292.68 293.53 294.07 292.85 293.51 293.28 293.41 293.82 293.00 293.54 293.51 294.01 293.05 293.57 293.55 293.83 293.84 293.56 293.97 294.01 293.11 292.63 293.33 293.34 293.13 293.21 292.79 292.85 292.89 293.20 293.44 294.05 294.06 293.22 293.39 294.05 292.68 293.29 293.84 292.65 293.17 293.38 292.64 293.18 292.66 293.24 292.80 292.96 293.80 293.61 292.92 292.96 293.59 293.14 293.32 292.98 293.91 293.84 292.66 294.03 293.94 293.33 293.12 292.74 294.10 293.33 293.49 294.08 293.52 294.07 293.78 293.93 293.71 292.83 292.78 293.93 293.40 292.95 292.93 292.94 293.97 293.43 293.84 293.70 293.70 293.03 293.91 292.70 294.10 292.73 292.97 293.25 293.28 293.24 293.31 292.88 293.46 294.01 293.58 293.77 293.43 293.99 293.53 293.61 293.21 293.70 293.89 292.84 293.08 293.26 293.09 294.12 292.78 293.97
293.40 293.22 293.12 292.86 293.95 292.78 293.03 293.24 293.62 293.49 293.89 292.83 292.88 292.93 293.01 292.89 292.91 293.74 292.93 292.97 293.90 293.76 293.05 293.67 292.80 293.42 293.43 293.62 293.71 293.65 293.26 293.65 293.40 292.78 293.14 293.71 293.68 293.48 293.61 293.05 293.42 292.78 292.98 293.27 292.99 293.24 293.59 292.89 293.77 293.28 292.67 293.57 292.99 293.48 293.42 293.95 292.86 293.89 293.18 293.15 293.58 293.11 293.22 293.88 293.94 293.92 293.59 292.82 293.86 293.18 293.55 293.94 293.16 293.48 293.09 293.99 293.15 293.11 293.25 293.48 293.04 292.68 292.99 293.65 294.04 292.87 293.68 293.60 293.01 293.34 293.07 293.65 293.97 294.01 292.83 292.66 293.05 293.57 293.67 293.35 292.67 292.76 293.71 293.03 293.41 292.96 293.57 293.52 293.60 292.98 293.54 294.09 293.29 293.66 292.78 294.04 292.72 293.99 294.04 293.17 293.91 293.03 293.53 293.35 293.39 293.00 293.70 292.73 292.96 293.72 293.09 293.53 293.45 292.81 293.18 293.32 293.59 293.81 293.20 293.07 293.55 293.07 292.93 294.11 293.57 292.71 293.92 293.29 294.06 292.82 294.00 293.00 293.75 293.78 294.06 293.35 293.14 293.75 293.68 294.01
293.29 292.99 293.14 293.03 292.96 294.09 293.86 293.52 293.16 292.96 293.66 292.94 293.56 293.55 292.66 293.61 292.93 293.12 293.29 293.17 293.78 292.99 293.48 293.42 292.93 293.59 292.87 294.08 293.56 293.77 294.10 293.98 292.92 293.53 293.80 293.99 292.73 293.85 293.20 293.21 293.94 293.91 292.71 293.89 293.41 293.29 293.02 293.34 294.02 292.86 293.04 293.32 293.61 292.85 292.82 293.34 293.33 293.20 293.12 294.12 293.92 294.02 293.57 293.82 293.36 293.07 292.90 292.72 292.89 293.29 293.10 292.81 293.32 293.59 292.97 292.70 293.42 292.70 293.46 293.90 293.30 293.40 293.65 293.49 294.00 293.27 292.71 293.51 293.53 293.65 293.76 294.04 293.06 293.36 293.75 294.10 293.06 293.36 293.60 293.68 293.98 292.77 292.97 292.71 293.32 293.79 293.27 293.11 293.21 293.60 292.88 293.76 293.07 293.36 293.68 292.67 293.78 292.88 293.01 293.56 293.65 294.03 292.70 293.54 293.56 293.96 292.72 292.79 292.79 293.50 293.18 293.21 293.86 293.19 292.96 293.39 293.52 292.63 293.98 292.64 293.67 292.78 293.81 293.81 293.65 292.81 292.91 292.94 292.82 293.91 292.88 293.80 293.19 293.98 293.87 292.89 293.25 293.72 293.05 293.86
293.52 293.49 292.69 293.32 292.79 294.12 292.99 292.67 293.47 293.89 293.43 292.93 293.66 293.70 292.81 293.54 292.99 293.21 293.18 293.29 293.43 292.66 293.46 293.65 292.84 292.97 293.99 293.30 293.97 292.96 293.60 294.00 294.01 292.87 292.75 293.29 293.45 294.03 292.76 292.92 293.32 293.26 292.70 293.79 294.00 292.94 293.54 292.76 293.30 294.10 292.82 293.04 293.72 293.60 294.01 293.43 293.24 293.00 293.97 292.75 293.55 292.87 293.71 292.85 292.93 292.65 292.71 293.15 293.80 293.07 292.64 293.96 293.58 292.68 293.77 293.27 292.82 293.22 293.21 293.37 293.15 292.99 293.31 293.38 292.85 293.98 292.73 293.28 292.88 292.76 292.73 294.02 293.19 293.59 292.79 292.65 293.36 292.74 294.09 293.00 294.01 292.68 292.79 292.63 293.01 293.76 292.86 293.19 293.06 293.24 294.00 293.00 293.31 293.40 293.25 293.77 293.30 293.46 292.67 293.28 292.98 293.46 292.75 292.91 293.00 293.11 292.72 293.79 293.08 292.77 294.03 292.75 293.07 292.73 293.89 294.02 293.42 293.29 293.08 293.78 294.09 293.82 293.11 293.51 292.80 293.29 293.89 293.10 293.95 293.60 293.01 293.16 292.92 292.67 293.93 294.10 292.81 293.07 293.63 293.65
294.12 292.77 293.55 292.82 294.03 293.06 293.15 293.30 292.63 293.64 292.75 293.01 292.91 292.70 293.20 293.42 293.08 294.07 293.53 292.81 292.69 294.12 293.43 292.89 293.97 294.06 293.27 293.68 293.16 293.54 294.08 292.70 294.09 294.01 294.01 292.73 293.40 293.22 293.48 292.91 292.89 292.75 293.87 293.57 292.84 293.79 293.80 292.72 292.65 293.02 293.61 293.55 292.96 293.96 294.00 294.09 293.28 292.79 292.86 293.80 292.90 292.98 293.70 293.87 293.58 293.31 292.85 293.75 293.72 292.94 292.68 293.43 293.61 292.94 293.89 293.01 292.83 293.24 293.25 293.93 293.86 293.29 293.44 293.67 293.02 293.12 293.81 293.79 293.71 293.43 293.41 292.65 293.19 294.10 292.83 293.73 293.17 293.12 293.33 293.32 293.56 293.24 292.84 294.08 293.11 293.87 293.83 293.87 293.93 292.95 293.03 294.05 293.45 293.57 293.43 293.79 292.90 293.64 293.54 293.30 294.08 292.93 292.89 293.62 293.62 293.77 293.38 292.84 293.99 293.69 294.07 293.19 293.37 293.59 292.84 293.66 293.57 292.70 293.22 293.13 293.91 293.74 293.79 292.83 293.46 293.32 293.77 292.78 293.13 292.88 293.32 294.02 293.39 294.00 293.00 293.68 294.01 292.89 293.20 292.81
293.05 293.07 293.67 293.25 293.41 293.13 293.67 293.56 293.14 292.79 293.94 292.81 293.37 293.43 293.34 294.05 293.58 293.41 293.69 292.96 293.73 292.74 292.93 292.70 293.06 293.03 293.33 293.15 293.21 294.11 294.03 292.63 293.25 292.65 293.54 293.85 293.82 292.99 293.07 293.68 293.95 292.75 294.01 293.13 293.30 294.02 292.73 293.94 293.40 293.08 293.43 293.61 293.86 293.86 293.89 293.17 293.84 292.70 293.78 293.97 292.81 292.65 292.79 293.58 293.56 293.47 293.50 292.92 293.70 293.67 293.34 293.82 292.97 293.01 292.73 293.48 293.96 293.49 293.02 292.96 292.63 293.15 293.73 294.09 293.79 294.11 292.84 293.25 292.77 293.81 292.79 294.12 292.84 292.64 292.90 293.57 293.74 293.87 292.66 293.12 293.59 293.23 293.69 293.82 293.48 293.02 293.80 293.83 294.12 293.52 293.68 293.38 292.91 294.00 293.91 293.78 293.18 293.73 294.03 293.87 293.31 293.37 293.06 293.92 292.76 292.67 293.24 293.68 294.02 293.81 293.74 293.57 293.71 293.11 293.20 294.07 292.94 293.40 292.64 293.53 293.09 292.86 293.85 292.93 293.25 293.17 293.47 293.57 293.67 292.82 292.66 294.01 293.39 293.52 292.64 292.90 293.74 292.97 293.77 294.03
293.59 292.95 293.79 293.98 293.31 293.37 293.27 293.46 293.95 294.09 293.33 293.10 292.80 293.51 293.52 293.10 293.12 292.67 293.96 292.95 293.51 293.66 292.73 293.26 293.93 292.83 293.15 292.64 293.01 293.08 293.45 293.55 293.70 293.22 292.72 293.02 293.13 293.86 293.67 293.94 292.94 293.34 292.74 292.95 294.06 292.96 293.43 293.68 293.85 293.20 293.94 293.57 293.51 292.79 293.10 293.18 293.44 292.85 293.33 292.64 293.60 293.66 293.49 292.98 292.99 292.78 292.99 293.08 292.84 293.01 294.01 293.97 293.83 293.41 293.98 292.92 293.54 293.57 293.39 293.42 293.19 293.40 293.87 293.05 292.63 292.81 292.86 293.09 294.10 292.91 293.83 293.63 294.09 293.43 293.66 293.97 292.83 293.66 294.09 293.36 292.69 294.01 292.69 293.49 292.80 292.91 293.71 293.22 294.06 293.41 293.34 292.63 293.62 293.24 293.89 293.42 293.74 293.32 293.97 293.38 293.29 293.74 293.02 293.21 292.87 293.00 293.66 293.34 293.51 293.83 293.28 293.89 293.96 293.98 293.16 293.30 293.05 293.84 293.42 294.08 293.99 293.01 293.64 293.73 293.10 293.31 293.82 293.43 293.40 293.82 293.34 293.44 292.76 293.32 293.23 293.56 293.18 293.81 293.42 292.73
293.00 292.81 293.46 293.47 294.02 293.36 293.12 293.67 292.98 293.51 292.80 293.35 293.71 293.95 292.93 293.32 293.80 293.07 293.23 294.08 293.01 293.08 292.67 292.99 293.68 292.89 293.85 293.55 293.61 293.09 293.14 293.50 292.71 293.63 293.38 293.87 293.87 293.87 294.07 293.94 293.25 293.70 293.32 293.33 293.73 293.16 293.79 293.87 293.02 293.62 293.10 293.24 293.47 293.79 292.77 293.70 293.19 293.17 292.99 292.78 292.75 292.97 292.70 294.06 293.62 293.55 293.26 292.93 292.74 293.87 293.06 293.46 294.10 293.80 293.14 293.84 293.31 292.77 293.33 292.63 292.69 294.03 292.80 293.04 292.75 293.60 293.86 292.69 292.74 294.01 293.86 292.83 292.80 292.85 293.51 293.86 293.75 294.08 292.69 293.44 292.81 292.92 292.80 293.29 292.72 293.31 293.50 293.05 294.06 292.63 293.45 294.09 293.56 293.32 294.06 293.88 292.99 293.04 293.33 293.13 293.05 292.94 293.24 292.95 293.65 293.77 292.76 293.92 293.40 293.71 293.49 293.27 293.08 293.30 293.64 293.04 293.50 294.00 292.82 293.84 293.37 292.66 293.65 293.33 293.31 293.31 293.67 293.87 293.64 293.77 293.52 292.65 293.14 293.65 292.87 293.47 293.11 293.38 292.86 293.97
293.05 293.88 293.13 294.06 293.04 292.65 292.86 293.53 293.51 293.62 293.20 293.99 293.47 292.97 292.89 293.07 293.19 292.73 293.69 293.24 292.73 292.83 293.36 293.52 293.09 293.27 293.60 294.12 293.17 293.42 294.07 293.16 294.07 293.36 294.00 293.16 292.71 293.21 293.47 294.02 292.94 293.07 293.86 293.09 293.19 292.89 292.67 293.78 294.08 293.37 293.30 293.25 293.44 293.48 292.84 293.65 293.54 292.66 293.90 293.06 292.86 292.72 293.58 294.11 292.78 294.07 293.86 293.51 293.50 293.72 293.74 293.39 292.71 293.62 293.43 293.33 293.39 293.12 293.00 293.78 292.65 293.71 293.58 292.75 294.02 292.77 292.99 293.00 293.87 292.86 293.51 293.52 293.98 292.93 293.48 293.09 293.64 292.68 293.00 292.90 292.97 292.99 293.74 293.54 293.40 292.96 294.04 294.00 293.38 293.35 293.40 293.80 293.37 293.74 293.85 293.68 292.75 293.74 293.88 294.03 293.00 293.56 292.78 293.03 294.06 294.05 294.03 293.93 293.11 293.77 293.65 293.38 293.86 293.80 293.34 293.84 293.26 294.03 294.12 293.31 293.16 293.28 293.00 294.09 293.24 294.09 293.70 293.41 293.92 293.69 293.82 293.54 293.75 293.22 293.34 293.12 292.76 292.90 293.14 293.50
293.17 293.80 293.62 293.57 293.77 293.45 293.87 293.77 293.38 293.66 292.75 292.84 294.04 293.63 293.12 292.79 292.87 293.28 294.05 294.04 293.12 292.83 293.58 293.91 293.27 292.67 293.88 292.64 293.97 292.74 293.79 293.94 293.66 292.77 292.77 293.59 293.50 293.83 293.46 293.71 294.06 293.04 293.04 293.16 293.45 293.32 293.31 293.18 292.76 294.12 293.50 292.66 293.21 293.16 293.23 294.10 293.18 293.32 293.80 292.95 293.03 292.92 293.89 293.41 293.70 292.64 293.35 293.56 293.93 293.85 293.95 293.46 292.76 293.53 293.78 293.39 293.96 293.97 292.84 294.10 293.84 293.54 293.40 293.93 293.88 292.92 293.77 292.93 293.92 293.58 293.65 293.35 293.40 293.16 293.85 293.79 294.04 292.95 293.80 293.39 294.02 292.88 292.76 292.68 292.89 292.64 293.63 293.06 293.08 294.03 293.52 293.56 292.91 293.15 293.73 294.11 292.81 292.83 292.69 293.48 293.34 292.86 293.00 292.94 293.62 293.31 292.83 294.08 293.26 294.01 292.76 293.01 293.16 292.98 293.36 292.69 292.65 293.71 293.10 293.37 293.21 293.39 292.93 292.93 294.05 294.05 294.10 294.03 294.07 292.84 293.10 293.42 294.02 293.34 293.02 293.10 294.11 292.84 292.78 293.73
293.34 293.23 293.61 293.82 293.55 293.23 293.67 293.93 293.16 292.85 292.79 293.25 293.16 293.47 293.50 293.08 292.78 293.73 293.49 293.61 292.99 293.96 292.95 294.05 293.19 293.72 294.06 294.05 293.72 294.05 293.71 293.36 293.45 292.81 292.86 292.81 294.04 293.47 292.67 293.83 293.62 294.03 292.69 293.48 293.72 293.39 293.78 293.84 294.00 294.02 293.92 293.07 293.79 293.50 293.00 292.98 293.88 293.22 293.81 293.83 292.92 293.37 292.70 292.64 293.41 293.07 294.01 293.20 293.39 293.51 293.67 292.78 292.81 292.95 293.12 292.81 293.02 293.71 293.31 293.24 294.08 293.98 292.69 293.97 293.10 293.21 293.29 293.40 293.67 293.94 292.79 294.11 293.42 293.38 293.49 293.12 292.72 292.92 293.74 292.73 293.74 292.98 293.00 292.76 294.02 292.79 292.63 292.76 293.40 292.81 293.55 293.42 293.67 293.75 293.87 293.37 293.56 292.87 292.74 293.27 293.89 293.62 294.09 292.86 293.49 292.96 292.87 293.01 293.57 293.45 293.36 292.66 293.80 294.00 293.37 293.75 292.79 294.08 293.84 293.26 294.06 293.65 294.08 293.15 293.14 293.72 294.12 293.02 293.60 293.09 293.66 293.21 292.77 293.82 292.73 292.64 292.65 293.82 292.70 293.02
293.19 293.37 292.98 292.66 294.08 294.02 293.30 293.81 293.35 292.87 293.56 292.72 293.37 292.92 293.84 293.03 293.75 293.64 293.61 292.89 293.27 293.12 293.27 292.78 294.09 292.82 294.05 293.19 292.96 293.15 293.73 293.48 293.82 294.01 293.39 293.38 292.78 293.06 292.83 293.41 293.86 292.65 293.99 292.89 292.76 293.41 293.74 293.55 293.47 293.28 294.02 293.26 292.91 294.03 293.24 293.30 294.10 292.63 292.88 293.11 293.25 292.90 293.87 293.08 293.69 293.31 294.11 292.97 293.84 292.72 292.92 292.87 292.88 293.09 294.05 293.28 294.12 293.13 292.96 292.81 294.02 292.97 293.26 292.78 293.69 293.41 293.12 293.94 292.81 293.07 293.08 293.42 294.06 293.36 292.90 293.87 293.78 292.67 293.25 294.05 293.00 292.96 294.02 293.10 293.83 292.83 294.09 292.90 293.45 293.87 293.66 293.48 293.10 293.33 293.44 293.20 292.86 293.65 292.86 293.53 292.69 293.81 293.17 293.80 293.62 293.23 292.74 292.74 293.67 293.37 293.22 292.93 293.37 292.70 293.13 293.94 292.99 293.36 293.81 293.67 292.74 292.76 293.52 293.33 293.96 293.61 292.88 293.02 293.13 292.88 292.71 292.67 293.50 293.45 293.59 293.69 293.49 293.77 293.23 293.76
293.14 294.03 292.63 292.97 293.54 293.21 293.44 293.78 293.23 293.12 293.50 294.04 293.83 293.44 293.27 293.43 293.57 292.69 293.37 293.78 292.74 293.98 293.05 292.96 293.08 293.08 293.70 293.47 293.66 293.25 293.05 293.73 293.80 292.69 293.85 293.18 293.22 293.41 294.12 293.46 293.83 294.03 293.14 294.06 292.81 293.69 293.19 293.44 293.49 293.76 293.37 292.79 293.86 293.44 293.10 293.14 293.85 294.01 293.67 293.11 293.73 293.74 293.56 293.41 293.73 293.36 294.02 294.11 292.80 293.93 293.20 293.84 293.30 294.09 293.39 294.05 293.33 292.82 293.54 293.66 292.95 293.61 293.67 292.75 293.25 293.91 293.44 293.05 293.01 292.91 293.86 292.71 293.58 294.09 292.90 293.44 293.81 293.60 293.53 293.92 294.04 293.38 293.40 293.54 292.66 292.90 293.47 293.51 293.34 294.04 293.14 292.65 292.91 293.33 294.02 292.96 292.93 293.02 293.71 293.40 293.68 293.40 293.04 292.66 293.88 293.86 293.38 292.73 292.70 293.96 293.02 293.66 293.36 293.79 292.73 293.04 292.67 293.73 293.49 293.97 293.16 293.28 293.46 292.92 293.58 293.75 293.80 292.92 292.87 293.42 293.61 294.02 293.03 293.43 293.15 293.11 293.70 293.24 292.78 293.80
293.34 293.06 294.01 293.33 292.69 292.70 292.69 293.10 293.16 292.71 293.69 293.64 293.85 293.38 293.42 293.22 293.82 293.60 293.11 293.73 293.44 293.76 292.87 293.33 293.51 293.57 292.65 293.49 293.08 293.76 293.60 292.86 292.97 292.86 293.98 293.19 293.03 293.06 293.56 293.30 292.65 293.95 293.57 293.56 293.68 292.68 292.78 293.84 292.71 292.78 293.10 293.23 293.03 293.34 293.33 293.87 293.96 293.30 293.06 293.71 292.95 293.01 293.08 292.73 293.49 294.12 293.36 292.82 293.98 293.09 293.82 293.79 293.65 293.41 294.02 293.51 294.10 293.47 293.45 293.14 292.77 293.89 293.64 293.71 292.64 292.82 292.91 293.44 293.07 293.46 293.52 292.63 293.54 292.98 293.94 293.07 294.06 293.59 294.02 293.48 293.97 293.78 293.47 293.29 293.43 293.29 292.93 293.31 292.77 292.83 293.30 293.37 293.43 293.96 293.23 293.62 294.00 292.77 292.98 293.69 294.06 294.00 293.16 293.63 293.28 292.80 292.86 294.11 293.85 294.10 293.19 293.04 293.71 293.30 293.15 293.63 293.89 292.67 293.28 293.59 293.60 293.54 293.18 292.96 293.44 293.24 292.99 293.85 292.97 293.80 293.33 293.34 292.65 293.94 292.92 292.78 293.34 293.97 293.73 293.71
293.32 293.36 293.30 294.08 293.49 292.69 293.25 293.88 293.67 292.95 293.65 293.48 293.46 293.85 293.58 292.68 292.97 294.11 292.66 293.19 293.47 293.20 294.11 293.72 294.05 293.82 292.99 293.26 293.91 293.43 293.96 293.87 292.71 294.09 293.80 293.76 293.66 293.48 294.07 293.35 292.64 292.72 293.44 294.05 292.79 293.47 293.99 293.59 293.42 293.21 293.73 294.02 293.69 293.10 292.87 294.06 293.55 293.75 293.48 293.36 292.83 293.29 293.10 293.90 293.10 293.25 293.43 293.21 293.44 293.86 293.22 293.67 292.65 292.96 293.71 293.27 293.39 293.93 292.70 293.75 293.93 293.58 293.69 294.02 293.72 292.64 294.10 292.97 292.86 293.82 293.44 293.12 293.79 293.72 293.09 293.35 293.92 293.82 293.11 293.90 293.57 293.43 293.00 293.00 293.91 293.81 293.03 292.95 294.03 292.95 292.69 293.01 292.83 293.59 293.37 293.62 292.66 293.61 293.77 292.73 293.92 294.02 293.15 293.89 293.49 293.68 293.36 292.78 293.84 292.96 293.48 293.51 293.42 293.70 294.04 292.80 293.92 293.88 292.99 293.05 293.87 292.84 293.47 292.65 293.23 293.88 293.75 293.66 293.10 293.25 293.24 293.14 293.27 293.84 293.70 293.03 294.03 293.15 293.12 292.64
293.90 293.14 292.81 293.05 293.85 292.63 294.09 293.51 292.85 293.55 293.55 293.43 293.85 294.12 293.64 293.11 293.33 293.70 292.99 293.02 293.57 294.09 293.42 293.18 293.87 293.69 293.01 293.88 293.67 293.42 293.01 293.54 293.00 292.72 294.01 293.13 292.93 292.80 293.22 294.09 293.27 293.22 292.65 292.67 292.67 294.07 293.74 293.05 292.82 293.44 292.95 293.94 293.65 293.46 293.19 292.98 293.94 293.81 294.10 292.77 293.14 292.96 293.74 293.44 293.69 293.63 294.09 292.63 293.41 293.30 293.69 293.00 293.73 292.96 293.89 293.34 292.73 293.19 293.68 293.69 293.95 293.26 293.26 293.51 293.68 293.57 293.03 293.96 294.05 292.97 292.96 294.02 293.96 293.05 292.95 293.93 293.30 293.55 292.75 293.96 293.73 292.96 294.09 293.68 293.87 293.89 294.11 292.82 293.26 292.98 294.10 294.01 292.76 292.76 293.94 292.88 292.69 293.13 292.63 293.44 293.17 293.55 293.44 293.51 294.05 293.13 292.99 294.11 293.24 293.38 293.42 292.74 293.97 292.94 293.34 293.15 293.94 292.73 293.62 293.27 293.36 292.96 293.39 293.05 294.00 293.95 292.71 293.50 294.04 293.98 292.66 293.46 293.54 293.51 292.75 293.54 294.06 293.83 292.67 293.21
293.15 292.72 293.57 292.67 293.34 293.31 293.20 292.76 292.96 293.59 292.76 292.69 293.55 293.03 293.27 293.26 292.92 294.08 293.39 293.89 293.20 292.94 293.09 293.68 293.81 293.43 293.42 294.08 293.84 293.35 294.04 293.16 293.01 292.87 293.49 293.17 293.53 293.75 293.06 293.30 293.13 292.63 292.81 293.62 293.60 293.25 293.89 293.37 293.74 293.26 292.75 293.44 293.21 293.84 293.76 294.11 292.64 293.20 293.40 293.64 293.36 293.51 293.74 292.99 293.16 292.94 293.19 292.68 293.81 293.54 292.78 293.02 293.06 292.98 294.12 293.81 293.56 293.24 293.09 294.07 293.85 292.98 293.30 294.03 292.82 293.12 293.99 293.83 293.82 293.77 292.66 293.30 293.19 293.90 293.47 293.71 292.86 292.96 293.36 293.42 292.94 292.64 293.98 293.49 293.34 293.43 293.25 293.91 294.07 293.34 293.57 292.75 293.02 293.74 292.80 292.90 293.77 293.88 292.85 293.68 292.91 293.62 293.34 294.08 293.85 293.52 293.28 292.70 293.32 293.34 293.14 293.01 293.48 293.32 293.02 293.58 292.73 293.01 292.87 292.76 293.04 293.30 293.41 293.07 292.68 293.66 292.95 293.13 292.65 293.29 294.01 292.72 294.02 294.11 293.08 293.42 293.09 293.73 293.20 292.81
293.52 293.97 292.93 293.95 292.66 293.50 293.14 293.88 294.06 293.56 292.69 293.27 292.64 293.33 293.76 293.59 292.65 292.68 293.83 293.90 292.71 292.78 292.66 293.05 293.82 292.76 293.33 293.01 293.47 293.07 293.78 292.86 293.07 292.76 293.86 292.91 293.21 293.24 293.97 293.57 293.76 293.33 293.87 293.90 292.76 292.63 292.93 293.09 293.30 292.74 293.69 293.08 293.44 293.51 293.94 293.48 293.71 293.12 293.20 292.81 293.56 292.69 293.27 293.31 293.84 293.79 293.40 292.70 294.12 293.86 293.46 293.11 294.06 293.11 292.69 294.11 292.82 293.51 292.73 293.16 293.18 294.04 293.06 294.06 293.89 292.92 293.38 293.99 294.11 293.50 292.64 292.69 293.95 292.77 292.92 293.97 292.81 293.16 292.66 293.83 294.06 292.71 292.68 293.39 292.89 293.93 293.05 292.88 293.22 293.50 293.66 293.27 292.75 292.95 292.71 293.44 293.43 292.69 293.36 293.60 293.34 292.92 294.03 293.04 293.28 292.78 293.11 293.80 293.90 294.05 293.86 292.82 292.88 293.47 293.66 293.29 293.64 293.39 293.99 293.54 293.99 293.10 293.26 294.04 293.24 293.36 292.89 294.00 293.16 293.21 293.84 293.53 293.21 292.95 293.41 293.69 293.25 293.77 293.77 293.32
293.11 294.06 293.74 293.45 293.52 292.96 293.71 293.92 292.77 293.87 293.07 293.77 292.70 293.46 292.64 294.00 294.01 293.49 292.66 293.66 293.68 293.62 293.80 292.66 293.77 293.66 293.15 292.75 293.20 292.79 293.00 292.74 292.74 292.89 293.40 294.08 293.68 293.25 293.90 292.97 292.88 292.90 292.77 292.93 293.56 292.81 293.21 292.98 294.08 294.10 293.97 293.82 293.84 293.37 294.08 293.14 293.87 293.33 293.54 292.79 293.70 293.66 293.68 293.50 292.68 294.04 293.39 293.91 294.11 292.65 292.96 293.42 292.94 293.55 293.44 293.82 294.05 292.99 292.67 293.35 292.66 293.85 292.72 293.16 292.88 293.97 292.85 293.54 293.30 293.73 293.80 293.18 293.88 293.26 293.18 293.25 292.88 292.94 293.67 293.16 293.65 293.59 293.17 293.94 293.15 293.07 292.95 292.89 292.84 293.25 294.07 293.91 293.78 293.55 293.22 292.76 292.72 293.98 293.45 293.66 293.24 293.79 293.58 293.13 293.24 293.04 293.07 293.78 294.03 293.85 294.04 293.07 293.56 292.83 293.98 293.03 292.87 292.99 294.00 293.68 293.60 293.45 293.05 293.61 293.95 293.86 292.66 293.67 293.87 292.84 293.53 293.33 292.90 292.77 292.86 293.75 293.52 293.35 293.36 293.70
294.03 293.27 293.18 292.92 293.16 292.91 293.64 293.48 293.00 293.13 292.82 292.80 293.68 293.40 293.36 293.32 294.06 293.82 293.49 293.18 293.87 293.41 293.49 293.45 292.93 293.22 293.64 293.89 293.78 293.19 293.34 292.75 292.91 293.19 293.05 292.66 293.30 292.87 293.46 293.61 293.46 294.01 293.57 293.72 292.85 293.69 293.93 292.85 294.10 292.91 293.91 293.32 293.86 292.98 294.10 293.01 293.87 293.64 292.87 293.20 293.51 293.50 292.77 293.30 293.06 293.74 293.73 293.06 293.81 293.44 292.97 293.84 292.96 294.02 293.51 293.96 293.12 292.95 293.47 293.60 293.60 294.03 294.09 293.03 293.42 292.84 293.64 293.27 292.75 292.94 293.17 292.68 293.60 292.67 293.10 293.91 293.53 292.71 293.60 293.97 293.07 293.96 293.46 293.78 292.83 293.73 292.86 293.89 293.19 292.99 293.08 294.05 294.08 293.99 293.94 293.68 292.95 293.79 293.35 292.86 292.75 294.05 293.90 293.38 293.61 294.11 293.68 294.01 292.82 293.19 293.83 292.70 292.84 293.51 293.94 292.81 292.83 293.71 293.35 292.83 293.91 293.19 292.90 293.68 293.36 293.40 292.98 293.28 292.71 292.86 292.63 293.10 293.73 293.59 294.05 292.88 293.47 293.44 293.74 293.52
293.66 292.95 293.07 293.04 293.16 293.11 293.58 293.69 293.22 293.70 293.87 293.85 292.65 292.78 293.42 293.65 293.06 293.89 293.36 293.72 293.19 292.78 293.37 293.35 293.70 293.29 293.85 293.42 294.01 293.46 294.00 292.89 294.00 292.64 293.82 293.75 293.40 293.31 294.09 293.94 293.73 292.81 293.67 293.01 293.79 293.28 293.56 293.39 293.65 293.51 293.30 293.69 293.15 293.21 292.68 292.83 293.98 292.65 293.03 293.57 293.53 293.10 293.93 293.00 293.88 293.36 293.18 292.95 293.89 293.40 292.98 292.65 293.32 293.16 293.84 293.12 293.11 294.00 294.12 292.85 294.05 293.65 292.81 292.65 292.73 294.09 293.16 293.98 292.83 294.08 293.19 293.00 293.02 292.76 293.42 293.80 294.07 292.97 293.40 294.10 294.03 293.76 293.76 293.49 294.10 293.22 292.67 292.77 292.98 292.73 292.64 293.78 293.36 293.90 293.44 293.83 293.62 293.00 293.14 293.66 293.84 292.98 293.66 292.81 294.04 293.34 293.38 293.37 293.15 292.84 293.54 293.74 293.19 292.76 292.72 293.75 293.07 293.73 294.11 292.76 293.39 293.12 292.74 293.49 293.82 293.63 293.51 292.75 293.30 293.85 293.04 293.65 293.22 294.02 293.41 293.29 293.54 292.69 293.93 292.80
292.64 293.94 293.14 293.31 293.75 293.81 293.90 293.67 292.70 292.97 292.93 293.28 292.97 293.56 293.12 292.74 293.56 292.87 293.66 293.12 293.33 293.14 293.22 293.27 292.80 293.60 293.86 293.88 292.88 293.06 293.69 293.05 293.49 293.94 293.41 294.12 293.41 293.31 292.74 293.09 293.65 293.24 293.72 293.06 293.56 293.57 293.28 293.64 293.82 293.80 293.44 293.68 292.64 293.51 292.72 293.88 293.45 293.85 292.64 292.64 293.55 293.20 292.70 293.80 293.41 292.66 293.37 293.32 293.41 293.42 293.82 293.03 292.64 292.95 293.20 293.86 292.82 293.44 293.55 294.12 293.24 292.69 292.89 293.33 292.97 292.83 294.02 293.83 292.67 292.66 292.93 293.87 292.63 293.97 292.72 293.27 292.94 293.15 292.92 293.39 292.83 293.53 293.17 293.07 293.75 293.31 293.69 293.36 292.88 294.06 293.93 293.54 293.94 293.11 292.69 293.66 293.29 293.13 293.76 292.64 292.72 293.92 292.75 292.70 293.18 293.11 293.84 293.31 292.99 293.43 293.79 293.14 292.63 293.21 293.22 293.58 292.98 293.72 293.38 293.29 293.49 293.46 292.90 293.78 293.14 293.47 293.34 294.07 294.08 293.25 293.71 293.09 293.47 293.03 293.48 293.57 293.45 293.12 293.66 292.68
293.92 293.17 293.33 292.69 293.71 292.90 293.56 293.12 293.66 292.74 293.06 294.08 293.60 293.88 293.53 293.12 293.31 293.27 293.83 292.83 293.15 293.40 293.46 292.85 293.49 293.19 293.50 293.13 292.97 294.01 293.22 293.23 293.28 293.93 293.88 293.58 293.24 292.90 293.60 292.88 294.00 293.03 294.01 292.99 293.57 293.19 293.09 293.14 293.86 294.04 292.99 293.02 293.36 293.75 293.71 293.53 292.76 293.04 293.03 292.83 293.32 293.74 294.06 293.98 293.09 293.56 293.29 293.05 293.90 292.80 293.60 293.92 293.03 292.88 293.46 292.82 293.22 293.94 293.06 294.07 294.07 292.87 293.64 294.08 292.92 293.77 293.64 292.66 293.39 293.10 293.42 293.43 294.07 293.57 293.60 293.73 293.01 293.33 293.37 293.58 293.74 292.67 293.79 292.78 292.95 294.12 293.88 293.59 294.08 294.08 293.01 292.84 293.34 293.90 293.50 292.93 293.32 293.71 292.74 292.95 293.97 292.79 293.94 292.81 293.31 293.24 293.54 293.11 292.81 293.21 293.21 292.86 293.66 293.30 293.56 293.69 293.13 293.97 293.64 293.43 293.41 293.84 293.52 293.04 293.05 293.11 293.44 293.91 293.41 293.55 293.35 293.69 293.26 292.85 293.05 292.66 293.70 292.80 293.69 293.10
293.63 292.86 293.06 292.78 293.35 293.33 292.63 294.11 294.04 293.50 293.29 293.75 292.94 293.57 293.99 293.65 292.81 292.78 293.63 292.72 292.92 293.86 293.49 293.04 292.83 294.03 293.52 292.94 293.37 293.49 293.30 292.85 293.32 293.69 293.20 293.16 292.99 292.86 293.28 293.06 292.64 293.97 293.00 293.71 293.68 293.00 292.75 293.91 292.82 293.69 292.91 293.09 292.98 292.91 293.63 293.72 292.93 292.72 293.82 292.73 293.14 294.02 293.96 293.69 293.18 292.65 293.80 292.73 292.65 293.04 293.03 293.07 292.93 293.99 293.00 292.77 292.94 293.74 292.86 293.82 293.88 293.27 292.67 294.04 293.25 292.63 293.00 293.24 293.11 293.00 293.39 292.97 292.64 293.52 293.61 292.90 292.77 293.92 293.15 293.68 293.90 293.01 293.20 293.88 293.73 292.65 293.03 293.95 293.50 293.02 293.40 292.66 293.29 292.79 293.11 293.23 293.67 293.65 293.87 292.74 293.29 293.54 292.68 292.68 293.46 292.99 292.65 293.43 293.63 293.74 294.11 293.06 292.63 293.13 292.78 292.82 292.94 292.81 293.53 292.77 292.86 294.09 293.42 292.74 293.11 292.91 294.02 293.09 293.61 292.97 293.59 293.54 292.88 293.10 293.72 293.56 293.41 292.70 293.92 293.52
292.78 292.83 293.66 293.52 292.89 292.85 293.48 293.35 292.94 294.00 292.69 293.10 292.64 293.37 293.22 293.81 293.47 293.71 292.65 293.46 293.24 293.76 292.67 293.82 293.28 293.07 293.04 293.80 292.89 294.10 293.30 293.18 293.56 293.26 293.59 293.41 292.90 293.14 293.09 293.83 293.28 293.86 293.77 293.32 293.90 293.24 293.57 292.75 293.68 293.93 293.70 293.09 294.04 293.47 293.97 293.43 293.30 293.92 293.71 293.96 294.07 293.74 293.64 294.05 292.76 294.08 292.83 293.52 293.90 294.08 292.64 293.42 293.65 294.01 293.02 292.81 292.88 293.50 294.10 293.98 293.05 293.81 292.78 293.92 292.93 293.70 292.78 293.73 293.29 293.35 292.91 294.02 293.22 292.79 293.85 293.34 293.46 294.04 294.10 293.09 292.73 292.73 292.74 292.81 293.07 293.11 293.92 293.40 294.03 293.29 293.20 293.96 293.66 293.24 293.34 293.48 294.00 292.89 293.29 293.36 292.85 293.56 293.78 293.89 292.65 292.82 293.37 292.72 293.37 294.08 293.82 293.98 293.02 293.04 292.95 294.05 293.41 292.93 292.80 293.53 292.69 293.76 293.59 293.45 293.98 293.61 294.11 294.11 292.85 293.96 294.04 292.89 294.03 293.80 293.19 293.26 293.07 292.79 293.62 293.97
293.52 292.76 293.43 292.79 293.22 292.66 293.58 292.73 293.98 293.71 292.83 293.43 293.07 292.72 293.48 293.14 293.97 293.74 293.44 293.99 293.90 293.90 292.98 292.66 293.80 292.87 293.80 293.60 293.70 292.79 293.96 293.34 293.46 293.96 293.91 292.98 293.25 293.79 292.95 293.73 292.78 292.85 293.83 293.60 292.66 293.92 293.86 293.97 294.11 292.72 292.63 293.95 293.87 293.11 293.42 292.98 293.25 294.12 294.10 293.20 293.25 293.64 293.95 292.81 293.25 292.98 292.91 293.78 292.99 292.70 293.74 293.02 293.60 293.88 292.84 293.32 293.75 293.32 293.98 293.48 293.51 292.68 293.09 293.72 293.55 293.45 293.97 293.47 293.80 293.28 293.91 293.33 294.03 292.89 293.35 293.29 293.03 293.95 293.86 293.73 294.04 293.39 292.88 292.88 293.04 293.28 293.79 293.26 293.22 292.86 293.64 293.97 293.70 293.40 293.75 293.77 292.72 294.06 292.87 293.35 292.75 293.29 293.63 294.05 292.90 293.52 292.93 293.64 294.00 292.99 293.41 293.84 293.86 292.99 292.81 293.37 293.89 293.32 293.35 292.65 292.97 293.04 293.22 292.91 293.95 293.83 293.64 293.81 294.06 293.87 293.02 293.25 293.00 293.19 293.46 292.83 293.40 293.18 293.98 293.58
292.91 292.84 292.88 292.65 292.63 293.88 293.38 292.81 292.77 293.88 293.20 293.37 292.82 293.61 292.97 293.57 293.79 293.11 293.77 293.00 293.22 293.50 293.42 293.83 292.83 293.06 293.36 293.66 293.02 293.18 293.92 293.75 292.71 293.95 292.94 294.12 294.12 293.54 293.93 292.87 294.03 293.11 292.80 293.62 293.47 293.76 293.13 294.03 293.60 293.97 294.10 293.78 292.69 293.89 292.63 293.83 293.53 293.21 292.71 292.72 293.42 294.09 294.07 293.30 293.70 294.04 293.09 293.31 293.52 293.78 293.83 293.70 293.47 293.04 292.79 293.76 293.12 293.64 293.10 292.76 293.11 293.50 293.06 293.31 293.71 293.81 293.88 293.78 292.65 293.15 292.64 293.30 292.89 293.78 292.65 292.78 293.90 293.30 293.76 293.46 293.16 293.97 293.61 292.67 292.68 294.11 293.71 293.53 293.96 293.66 293.22 293.57 293.76 293.86 293.63 292.95 292.64 293.77 293.27 293.39 293.11 293.96 293.42 293.57 293.95 293.68 292.75 293.96 293.03 292.65 293.76 292.82 293.66 293.89 292.84 293.93 293.95 293.77 293.45 293.16 293.92 293.60 293.13 293.51 293.23 293.51 292.64 292.78 293.19 292.71 293.83 293.19 293.76 293.70 293.74 293.58 292.84 294.04 293.49 293.98
294.04 294.03 292.67 292.87 293.67 293.60 293.69 292.74 293.10 292.78 293.72 293.36 293.87 293.01 293.87 292.95 293.95 293.61 292.72 294.08 293.58 293.24 293.36 293.43 293.01 294.11 292.93 293.99 294.09 292.98 293.57 292.67 293.71 293.18 293.62 292.76 293.71 292.87 293.38 293.20 293.09 293.17 292.69 294.01 293.76 293.32 293.65 293.85 294.00 293.21 292.67 293.20 293.54 293.51 293.45 292.75 292.69 293.14 292.85 293.28 293.49 293.77 293.19 292.89 293.10 293.01 293.51 293.23 293.30 292.83 293.33 292.91 293.12 293.50 293.84 293.62 293.12 293.92 292.68 292.76 293.15 293.80 293.36 293.43 292.68 294.03 293.34 293.67 292.78 293.24 293.79 292.68 292.94 294.09 294.05 293.97 293.31 293.14 293.57 293.56 293.08 293.57 292.73 293.91 293.71 293.46 293.86 292.88 293.87 293.19 294.07 292.66 293.23 293.96 294.00 292.79 294.07 293.71 292.96 293.26 293.82 293.20 293.47 292.81 293.00 293.26 292.80 293.57 293.82 293.00 293.82 293.65 293.21 292.74 293.80 293.06 293.49 292.85 292.67 293.77 293.06 293.89 292.70 292.75 293.80 294.04 292.89 293.17 293.92 293.29 292.63 292.89 293.55 292.91 292.84 293.06 292.73 292.73 293.07 293.81
293.31 293.99 292.65 292.72 293.10 293.74 292.96 293.29 293.71 293.76 292.80 293.05 293.46 293.43 292.89 294.07 293.44 293.89 293.71 293.91 293.99 293.98 293.08 292.90 293.82 293.70 293.43 293.11 293.51 293.81 293.78 293.56 293.31 293.04 293.77 293.31 292.63 293.69 294.09 294.09 292.95 294.05 293.43 292.65 293.27 293.40 294.10 292.99 293.70 293.95 293.77 292.78 292.92 293.25 293.61 292.94 293.86 293.81 293.48 293.83 293.88 293.30 293.68 294.07 293.79 293.42 293.49 293.15 293.97 293.99 293.24 292.93 292.65 293.93 293.75 293.19 293.87 292.66 292.97 293.06 293.61 292.64 292.73 292.94 293.40 294.04 292.74 293.87 293.89 293.39 293.19 293.69 293.41 294.01 292.95 293.55 292.86 293.36 293.63 293.14 293.76 292.99 293.53 293.87 293.12 293.90 293.48 292.83 293.57 293.54 293.30 294.06 292.83 293.62 292.83 293.51 294.08 292.75 293.32 292.82 293.87 292.73 293.15 293.49 293.24 292.68 294.11 292.75 294.07 293.50 292.98 292.85 292.98 293.49 293.19 294.09 293.38 292.66 292.63 292.69 292.95 293.85 292.88 293.63 293.90 294.07 293.86 293.29 293.26 293.60 293.41 293.95 292.94 293.21 292.81 292.71 292.63 293.27 293.39 292.97
293.02 293.50 293.44 292.73 293.53 292.94 293.86 293.57 293.68 293.13 293.64 293.33 292.91 293.41 292.72 294.07 293.85 293.32 293.31 293.24 293.03 293.89 293.65 293.50 293.68 293.17 293.02 294.01 292.91 293.66 292.94 293.90 293.45 293.10 292.99 293.14 293.88 293.43 293.79 293.60 292.91 294.05 292.69 292.76 293.52 293.06 292.63 293.66 292.65 292.99 293.44 293.07 293.31 294.00 292.80 293.67 292.93 293.69 294.04 293.78 293.06 293.08 293.43 292.63 293.21 293.11 292.81 292.84 293.39 292.96 293.28 293.68 292.72 293.54 293.30 293.59 293.84 293.20 293.35 293.47 293.14 292.93 293.45 293.56 293.24 293.36 292.81 293.04 294.02 293.86 292.64 293.08 293.49 292.83 293.84 293.06 293.06 293.88 293.88 292.90 293.80 293.87 293.63 293.67 292.67 293.65 292.82 293.01 293.61 293.92 293.93 292.99 292.99 293.09 293.45 293.64 292.66 293.19 294.02 293.27 294.11 293.64 293.78 292.82 293.49 292.94 293.66 293.68 293.13 293.57 293.39 293.96 293.75 292.93 293.42 293.90 293.24 293.29 293.76 293.17 293.38 292.88 292.76 293.33 293.93 293.77 293.76 294.07 293.73 292.89 293.65 293.46 293.59 293.90 293.34 292.91 292.95 292.68 293.64 292.63
292.64 293.42 293.84 293.01 292.79 292.94 293.25 293.68 293.18 292.82 293.02 292.89 292.97 292.76 293.45 293.94 293.99 293.04 293.66 292.87 293.50 293.16 292.83 293.94 293.15 293.42 293.76 292.97 292.74 293.16 293.98 293.19 294.00 293.55 293.96 292.88 293.59 293.54 292.82 293.50 293.07 293.29 292.77 292.72 293.96 293.82 294.06 293.47 293.76 293.37 293.75 293.88 293.54 293.96 293.33 293.61 292.68 293.76 293.17 293.00 292.76 293.58 293.18 293.13 293.52 293.89 293.95 293.90 293.69 294.04 293.15 293.10 293.51 293.51 294.06 293.47 292.66 292.96 293.69 293.74 293.17 293.65 293.94 292.96 293.70 293.06 293.63 293.96 294.06 293.61 293.80 293.72 292.73 292.82 293.53 293.45 293.97 293.18 293.51 293.97 293.68 292.77 293.86 293.34 292.68 292.66 293.77 292.65 293.80 293.46 293.40 292.85 293.99 293.17 293.95 292.78 293.70 293.38 293.18 293.67 293.44 293.32 293.90 294.06 294.02 292.94 293.17 293.31 292.95 293.16 292.86 293.14 293.97 293.86 293.96 293.03 294.03 293.66 293.32 292.88 292.76 293.14 294.12 293.76 293.56 292.76 292.79 293.16 293.33 293.24 293.89 293.33 293.33 293.05 294.02 292.98 293.08 294.07 293.74 293.42
292.75 293.09 292.73 293.25 293.82 293.90 292.67 292.91 294.11 293.90 292.76 293.31 293.38 293.25 293.20 293.38 293.67 292.86 293.90 293.54 293.88 294.01 292.76 293.55 292.98 293.89 293.33 292.92 293.82 293.07 294.03 293.76 294.00 293.40 293.81 292.91 293.57 293.88 292.92 293.18 292.75 293.32 293.29 293.71 293.72 292.84 293.05 293.85 293.02 293.03 294.11 293.48 293.37 293.68 293.00 293.60 292.95 293.30 293.60 293.69 293.24 293.87 293.22 292.69 293.96 293.21 293.55 293.21 293.80 293.07 293.25 292.92 293.60 292.77 293.89 292.77 293.87 294.11 293.62 293.97 294.09 292.90 293.24 293.65 293.30 293.44 293.83 293.40 293.43 294.04 294.05 293.84 292.96 293.15 292.99 293.24 293.47 293.84 294.02 293.23 293.52 292.87 293.28 293.21 293.40 293.78 293.26 294.02 293.07 293.22 294.06 293.25 292.83 292.98 293.18 293.32 292.97 293.74 293.59 293.11 293.27 293.53 293.56 293.05 292.97 293.60 292.87 293.43 293.46 294.10 293.01 292.88 293.31 292.85 293.51 293.82 293.77 293.89 292.87 293.72 293.13 293.68 293.15 293.65 292.67 293.43 294.11 293.41 293.62 294.04 293.76 293.68 292.99 293.09 293.08 292.80 292.82 293.44 294.04 293.33
293.44 293.54 293.17 293.51 293.00 292.90 292.63 292.79 293.90 293.41 293.14 294.12 293.94 293.48 293.05 293.82 293.51 293.03 293.80 293.57 292.77 292.74 292.80 292.99 293.41 293.09 293.55 292.79 292.91 292.88 293.32 293.89 293.48 293.42 294.03 293.32 293.40 293.19 293.64 293.61 293.75 293.37 294.01 293.59 292.89 293.92 293.51 293.69 293.65 293.66 293.66 293.27 292.70 293.48 293.50 292.85 293.81 292.99 294.08 293.49 292.76 292.64 294.11 293.95 293.86 293.54 292.81 292.93 293.48 293.58 293.65 293.81 293.69 293.20 293.40 293.24 293.18 293.25 293.89 293.72 292.88 293.74 293.25 292.84 293.24 293.63 293.87 293.63 293.96 292.64 293.20 293.19 292.81 292.69 294.12 293.66 292.95 293.35 294.04 293.46 293.21 293.07 292.81 292.88 293.45 293.21 293.86 293.63 292.95 293.12 293.19 292.75 293.52 293.24 293.81 292.72 293.51 293.27 294.07 293.26 292.81 293.38 293.11 294.01 293.86 293.49 293.58 293.96 293.53 293.74 293.93 293.10 292.66 293.31 294.03 292.91 293.37 293.37 293.11 293.15 293.55 292.76 293.47 292.85 293.78 293.15 293.21 293.04 292.64 292.89 293.63 293.45 293.87 293.41 293.54 294.10 293.11 293.42 293.66 294.04
293.00 293.55 293.46 293.43 293.72 293.09 293.63 293.71 294.10 292.81 293.48 293.93 293.37 294.11 293.95 293.69 293.92 292.89 293.78 293.14 293.96 292.80 293.23 293.03 293.25 293.46 293.12 293.63 292.79 293.20 293.57 293.38 293.97 293.45 294.00 293.63 294.02 293.72 293.36 293.62 293.14 292.94 293.88 293.53 293.99 293.69 293.55 293.31 293.17 294.09 293.72 293.26 293.18 293.94 293.81 293.73 293.89 293.36 293.57 293.12 292.90 292.92 293.90 293.32 294.09 292.66 294.02 293.11 293.62 292.94 292.76 293.44 293.36 293.09 293.27 293.58 292.70 293.12 293.35 294.09 293.34 293.80 293.32 293.67 292.75 293.76 293.73 293.70 293.44 293.25 292.89 293.74 294.10 292.76 294.10 294.12 293.62 292.76 293.47 293.58 293.78 292.68 293.11 293.20 294.05 294.11 293.64 293.41 293.45 293.75 293.73 293.30 293.26 292.74 293.21 293.74 293.45 293.62 293.92 292.69 293.78 293.34 292.97 293.46 293.42 293.87 293.37 293.96 294.00 293.18 293.18 293.82 293.21 292.85 293.77 292.97 294.07 293.96 293.07 293.14 292.70 293.49 293.07 293.02 294.00 293.02 293.00 294.04 293.52 293.18 294.10 293.30 293.43 293.88 293.92 293.51 293.67 293.46 293.33 292.68
293.08 293.90 292.97 293.07 293.07 294.07 293.34 293.86 294.02 293.05 292.85 293.36 292.72 293.37 293.24 293.54 293.22 293.09 293.01 293.91 293.51 293.52 292.64 292.94 294.05 293.41 293.81 293.82 293.03 293.23 293.27 293.66 293.93 293.01 293.40 293.68 292.77 293.77 293.55 293.76 293.88 293.09 294.02 293.19 293.96 293.00 293.53 293.73 293.98 293.56 292.89 293.38 293.88 293.87 293.87 293.55 292.92 293.61 292.64 293.19 294.03 293.38 292.70 293.17 293.99 294.10 294.03 293.57 293.81 293.22 293.35 292.87 292.70 293.98 293.84 292.85 293.40 292.77 293.31 292.88 292.79 294.03 293.05 293.42 293.80 294.06 293.42 293.47 292.74 293.29 293.09 293.45 292.63 292.70 292.70 294.03 293.73 294.04 294.04 294.10 293.64 293.69 294.05 293.74 293.87 293.54 293.75 293.85 293.37 294.03 293.69 293.39 293.60 293.24 293.83 293.90 293.34 293.29 292.66 293.91 293.75 293.12 293.95 292.63 292.98 293.90 293.59 292.69 292.67 293.50 292.87 293.52 293.76 293.45 293.72 293.41 292.81 292.93 293.91 293.53 292.74 293.65 294.12 292.69 293.33 292.79 293.33 293.34 294.10 293.88 293.19 293.82 293.25 292.75 293.05 293.86 292.79 293.35 293.13 293.26
292.64 293.25 293.45 293.75 294.05 293.34 293.22 292.88 293.75 294.10 293.15 292.81 294.08 293.07 293.94 294.07 293.81 293.22 293.19 293.66 293.18 293.77 293.80 293.49 293.91 294.01 293.34 294.12 293.30 292.72 293.63 293.97 293.00 292.92 292.90 293.12 292.73 293.73 293.46 293.27 293.82 292.86 292.97 293.21 293.19 293.43 292.89 292.99 293.58 293.71 293.08 292.73 293.93 293.04 293.52 293.68 294.04 293.90 293.97 293.56 293.82 293.93 293.14 292.63 292.79 292.86 293.90 292.63 293.60 293.77 293.19 294.12 294.12 293.98 293.02 293.96 293.35 293.75 293.97 292.87 292.74 293.97 294.09 293.74 293.59 292.70 293.55 294.00 292.96 293.48 293.96 293.89 294.10 293.42 292.88 292.87 293.56 293.24 294.11 293.35 293.67 293.84 293.17 293.38 294.06 293.60 292.66 293.36 293.31 292.82 294.05 294.10 293.00 294.03 293.69 293.76 292.74 293.53 293.15 293.13 293.18 293.25 293.20 293.74 292.81 292.78 293.79 293.57 293.53 292.75 294.10 294.07 293.97 293.39 292.68 292.77 293.78 293.16 293.97 292.65 293.91 294.03 293.98 293.84 293.96 293.65 293.74 292.83 292.65 293.58 294.08 293.19 292.88 293.14 293.94 293.78 292.88 293.12 294.06 292.88
293.00 293.92 293.83 293.40 293.38 294.09 293.93 293.62 293.69 292.74 293.13 293.84 294.11 293.77 293.60 293.99 292.76 293.28 292.92 294.04 293.59 293.18 293.26 293.63 292.86 292.92 292.69 293.97 293.38 292.87 292.71 293.05 293.97 292.75 293.58 292.92 292.89 293.10 293.93 293.70 293.35 293.99 293.11 293.57 293.94 293.33 293.31 292.68 293.61 294.06 292.93 293.66 294.01 294.00 293.98 292.92 293.56 293.42 293.77 293.34 292.66 293.63 293.55 292.96 292.92 293.84 293.59 294.02 293.34 292.75 294.04 293.57 293.73 293.43 292.77 293.30 292.71 292.82 292.69 292.95 294.07 293.41 293.75 293.57 293.16 292.70 293.92 293.83 292.71 293.70 293.75 292.69 293.70 293.01 293.32 293.96 294.08 293.11 292.85 293.82 293.52 292.91 294.01 292.92 293.32 292.70 293.82 293.93 293.64 293.13 293.89 293.33 294.09 292.69 292.86 293.90 293.23 292.74 293.51 293.86 292.81 292.78 293.84 293.38 294.01 293.55 293.86 293.57 293.64 293.77 292.94 293.37 293.09 294.02 294.11 292.96 293.55 292.97 292.66 293.31 293.03 294.12 293.57 293.42 292.75 293.41 292.74 292.78 293.57 293.89 293.10 292.71 294.05 293.08 293.00 293.40 293.00 293.41 293.76 293.02
292.85 292.76 292.95 292.93 293.17 292.79 293.54 293.80 293.53 293.67 293.72 294.00 294.03 293.12 293.30 293.75 294.00 293.89 292.80 293.76 293.40 292.79 292.90 294.04 293.53 292.91 293.81 293.12 293.59 293.62 292.96 293.92 292.84 293.34 292.91 293.77 293.38 293.06 293.52 293.79 293.76 293.16 293.33 293.44 292.77 294.01 293.41 293.46 292.68 293.79 293.20 292.68 292.84 293.96 293.55 293.01 292.69 293.39 293.86 293.20 293.31 293.20 293.73 293.32 293.41 292.79 293.65 293.74 293.34 293.13 292.82 292.91 293.24 293.92 293.88 292.71 293.38 292.86 293.96 293.30 293.23 294.10 293.95 293.72 294.07 294.00 293.90 293.47 293.13 293.17 293.80 293.43 293.13 292.99 293.24 293.94 293.91 293.12 292.85 292.67 293.52 293.28 292.66 293.12 293.20 292.77 292.72 293.72 293.61 293.75 293.19 293.66 293.89 293.62 293.92 293.66 293.06 293.03 293.76 293.42 292.70 293.05 293.23 292.70 294.07 293.20 293.31 294.09 293.61 292.64 293.97 292.89 292.70 292.81 293.22 294.02 293.66 293.47 293.72 293.80 293.72 293.89 292.84 292.64 292.75 293.81 293.18 293.65 293.87 294.01 293.81 293.02 293.10 293.46 293.62 292.63 293.93 293.23 293.89 293.92
293.95 293.87 293.81 294.08 293.64 293.21 293.50 293.17 293.93 293.57 293.64 292.81 293.33 293.30 293.62 292.73 293.69 293.90 293.00 294.02 293.98 293.54 292.77 293.30 293.13 293.78 292.95 293.49 293.73 293.01 293.10 293.28 292.89 293.37 293.55 293.49 293.79 292.96 293.64 293.26 292.84 293.81 293.50 292.70 293.09 293.51 293.06 294.09 292.73 293.40 294.12 292.81 294.06 293.62 292.92 294.12 292.82 293.74 293.41 293.27 293.48 293.26 292.92 293.73 293.70 294.07 293.32 293.09 293.15 293.14 293.27 293.20 293.20 292.71 292.89 292.75 294.02 293.89 292.79 293.69 293.95 293.78 293.73 293.75 292.90 293.54 292.82 292.90 294.07 293.09 293.92 293.30 294.02 292.64 293.18 293.22 293.79 293.61 292.72 292.94 293.31 293.88 292.85 293.86 292.91 293.27 292.64 293.60 294.08 293.96 292.80 293.50 292.93 293.99 294.12 293.22 292.88 293.26 294.08 293.06 292.84 293.69 293.92 293.28 293.88 294.07 292.74 293.09 293.61 293.28 293.35 293.76 293.63 293.27 293.56 293.03 293.08 294.10 293.36 293.30 293.36 292.90 292.77 293.22 292.79 294.07 293.93 292.89 292.83 293.84 292.76 292.72 293.18 292.64 293.67 292.66 292.81 294.06 293.72 293.76
292.64 293.15 292.92 292.81 293.89 293.10 293.24 292.69 293.37 293.50 293.51 293.02 293.62 293.71 293.69 293.80 292.72 293.56 293.10 292.79 292.65 293.29 292.93 293.12 292.97 293.40 292.78 293.81 293.90 293.55 294.05 293.56 293.08 292.77 293.42 293.70 293.91 292.84 293.11 293.85 293.32 293.43 293.05 292.76 292.92 293.76 294.05 293.75 293.72 293.12 293.42 293.31 293.99 292.83 293.25 293.66 293.75 293.01 293.36 292.70 293.34 292.77 293.08 292.74 293.32 293.45 293.67 293.20 293.64 292.92 294.06 293.89 293.53 293.34 293.33 292.63 293.08 293.88 293.11 293.14 293.38 293.39 293.11 292.91 293.35 293.09 293.34 293.26 293.61 292.90 293.60 293.47 293.71 292.76 293.65 293.25 292.78 293.76 293.76 293.31 293.72 293.94 293.25 293.11 293.52 293.25 293.94 293.86 293.62 292.65 292.78 292.92 294.00 293.13 293.57 293.47 293.37 292.72 293.02 293.63 293.45 293.99 293.52 292.65 293.66 293.46 293.66 293.32 293.15 293.25 293.33 292.64 293.47 293.45 293.71 293.79 292.89 293.51 293.55 294.01 293.37 293.24 293.81 293.90 292.85 292.71 294.05 293.63 293.90 293.38 293.35 293.97 293.64 292.66 293.32 293.57 293.37 293.58 294.06 293.42
293.43 293.77 293.28 293.82 293.80 293.10 293.40 292.67 293.20 292.84 293.31 292.78 292.93 292.99 294.08 293.34 292.68 293.20 293.27 293.42 293.73 292.93 293.19 292.88 293.23 293.42 293.92 293.88 293.23 292.75 292.75 294.04 294.12 293.79 293.48 294.00 294.04 293.42 293.44 292.82 293.88 293.78 293.74 293.05 292.77 293.12 292.92 293.76 292.79 292.83 293.32 293.17 293.09 292.72 293.82 293.99 293.54 292.63 294.04 293.10 292.87 293.49 293.49 293.35 293.44 293.47 294.09 293.92 293.04 293.00 293.90 294.10 293.20 293.20 292.85 293.12 293.50 293.33 292.95 293.02 293.62 294.00 293.92 292.67 293.26 293.40 292.99 293.87 293.20 293.15 293.08 293.20 292.80 293.81 293.88 294.00 293.72 293.18 293.80 292.77 293.99 293.27 294.04 293.95 293.36 293.12 293.49 293.53 293.95 293.30 292.75 293.64 293.98 292.89 293.28 292.65 294.09 293.29 292.75 293.19 292.99 293.78 293.31 293.30 293.51 293.76 293.70 293.68 293.88 293.71 293.70 293.04 293.82 293.89 292.96 293.25 293.93 294.09 293.77 293.68 292.63 292.87 293.12 292.81 293.86 293.03 293.36 293.18 293.36 293.20 293.76 293.93 293.18 293.64 293.35 292.68 292.80 293.28 293.38 292.95
293.58 293.62 293.74 294.00 294.08 293.18 293.01 292.86 293.02 292.74 293.78 293.64 293.78 292.94 293.90 293.26 293.05 293.57 292.71 294.02 293.01 292.71 293.15 292.90 292.86 293.81 292.65 292.96 293.64 293.02 294.01 293.80 293.16 293.80 293.93 292.90 293.80 293.88 293.18 293.03 292.67 293.65 293.53 293.11 292.96 293.61 293.27 293.48 293.60 292.82 293.65 293.98 293.76 293.71 292.98 293.22 292.87 293.93 293.36 293.59 292.84 292.66 293.20 293.19 293.57 293.08 293.12 294.04 293.31 292.75 293.23 293.14 292.66 293.88 293.74 293.99 293.47 294.10 293.35 293.72 292.68 293.28 293.26 293.50 292.88 292.70 293.33 293.21 293.54 293.87 292.88 293.74 293.83 292.86 292.98 293.42 292.78 292.86 292.77 293.86 293.27 293.32 293.59 292.96 292.85 293.40 292.88 293.47 292.78 292.77 293.02 294.11 293.28 292.79 293.84 293.28 293.37 293.39 293.77 293.17 293.32 293.10 293.94 293.84 293.17 292.69 292.76 293.57 293.42 292.79 292.82 292.87 293.22 293.66 293.84 293.00 293.46 293.27 293.60 293.40 293.12 293.70 293.86 293.90 292.66 293.57 293.93 293.58 293.08 292.84 293.16 293.82 294.06 293.94 293.55 293.53 294.04 293.29 294.08 292.89
293.88 294.07 292.78 293.24 292.83 293.49 293.36 293.15 292.89 293.22 292.76 293.33 293.19 293.22 294.12 292.82 294.10 293.12 293.17 293.18 293.00 293.20 293.11 294.03 293.51 292.76 293.77 293.01 293.56 292.64 293.93 293.31 293.01 293.03 293.79 292.76 293.53 293.74 293.92 293.91 292.98 294.06 294.07 293.65 293.81 292.72 293.91 292.67 293.26 293.69 292.80 293.98 293.88 293.70 293.03 292.65 293.98 293.25 294.10 293.10 293.75 292.80 293.83 293.59 293.42 293.31 293.05 293.95 293.60 293.51 292.79 293.70 293.25 292.85 293.95 293.25 293.64 293.93 293.83 293.29 293.90 293.34 293.98 293.95 292.84 292.66 292.72 294.06 293.79 292.97 294.05 294.09 293.31 292.86 292.67 293.70 294.12 293.21 293.91 293.10 293.00 293.28 294.04 292.73 293.79 292.73 292.63 293.11 294.05 293.14 292.95 292.94 293.30 293.50 293.95 292.97 293.73 293.34 293.46 293.83 293.26 293.52 293.14 293.82 292.77 293.37 293.39 293.49 293.15 293.63 293.93 292.83 292.79 293.37 293.92 292.88 293.17 293.90 293.27 293.86 292.86 293.39 293.57 292.74 293.49 292.73 293.42 292.95 292.73 292.86 293.94 292.70 293.34 293.45 293.07 293.81 292.97 293.26 294.06 292.95
293.36 294.03 294.03 293.43 293.83 292.72 293.29 293.80 293.37 293.85 293.84 293.07 292.99 294.08 293.13 293.34 293.25 293.62 292.79 292.92 293.97 292.76 293.42 293.45 293.23 293.87 292.91 292.91 293.25 293.77 293.26 293.23 294.10 294.04 293.17 293.10 293.17 293.44 292.64 293.44 292.79 293.16 292.82 293.89 293.63 293.73 293.47 294.07 293.28 293.63 293.01 292.99 292.82 293.86 293.87 292.90 293.35 292.85 292.80 293.53 293.48 293.43 293.90 293.34 292.75 293.01 293.45 293.17 293.29 293.32 293.03 292.76 293.26 292.65 293.21 293.34 292.88 292.74 292.82 293.86 294.06 293.13 292.76 293.49 292.79 294.10 294.12 293.13 293.44 293.12 294.02 294.09 293.99 293.98 293.40 294.04 292.71 294.05 294.09 293.25 293.50 293.74 293.12 294.01 293.39 293.60 293.94 293.50 293.34 293.91 293.69 293.39 292.92 293.69 293.07 293.44 293.06 293.28 293.33 293.07 293.45 292.70 293.67 294.02 292.90 293.63 292.70 293.36 293.22 293.77 292.89 292.89 294.11 292.85 293.13 293.90 293.91 293.24 292.79 292.83 293.34 293.41 292.74 292.80 292.87 292.67 293.73 293.38 293.46 294.03 293.78 292.91 293.45 292.63 292.97 293.91 292.97 293.69 293.62 293.42
293.53 293.72 293.48 292.73 293.67 293.22 293.81 294.07 292.75 292.73 293.88 294.09 293.34 293.42 292.66 293.33 293.22 293.36 294.12 293.47 294.03 293.08 293.24 293.03 293.59 293.88 293.07 292.65 293.22 293.87 293.89 293.72 293.60 293.86 293.80 292.90 294.04 293.71 293.60 294.02 293.62 293.83 293.24 292.89 293.64 294.10 293.70 292.78 292.93 293.40 293.13 292.78 292.74 292.75 293.60 293.97 293.06 294.08 292.80 292.64 293.85 292.79 293.32 293.23 292.91 293.73 293.28 292.90 292.81 293.28 293.17 294.08 292.86 292.97 293.92 293.56 293.05 292.95 292.75 293.85 294.03 293.25 293.68 293.02 293.02 293.63 293.14 293.97 293.56 293.48 293.85 292.76 293.55 292.85 293.26 292.93 294.07 294.02 293.47 293.85 294.08 293.87 293.59 293.74 293.00 293.92 292.72 293.88 294.08 293.43 292.84 292.81 292.63 294.02 292.91 293.89 293.19 292.78 293.67 293.20 292.70 293.39 293.54 292.63 293.81 293.74 292.70 293.81 292.82 293.41 293.00 293.90 293.11 293.41 293.84 294.03 293.74 293.12 293.06 293.55 292.84 293.38 293.95 293.20 292.68 293.76 293.59 292.71 293.38 293.67 293.97 293.86 293.96 293.10 293.89 292.84 293.23 293.84 293.78 293.95
293.94 293.27 292.85 293.97 293.29 293.55 292.71 292.84 292.65 293.77 293.97 292.65 294.12 292.74 293.71 293.97 293.80 293.27 293.24 292.77 293.03 293.61 293.33 293.09 292.86 292.63 293.11 293.92 292.92 292.89 293.39 292.85 293.87 293.32 293.41 292.99 293.22 293.54 293.92 293.89 292.78 293.40 293.20 292.68 293.71 293.77 293.29 292.84 292.68 293.18 294.03 292.90 293.30 292.64 293.82 292.76 293.71 293.94 293.90 294.12 293.46 293.83 293.75 292.90 293.53 294.09 292.72 293.21 293.91 293.74 293.60 292.99 292.73 292.83 293.12 293.63 293.76 293.01 292.72 293.75 292.71 292.77 293.88 292.75 293.61 292.81 292.98 293.65 293.45 293.08 293.73 293.55 293.36 292.69 293.40 292.68 292.83 293.05 293.47 292.85 292.69 294.03 293.15 293.18 292.81 293.63 293.77 294.00 293.70 293.72 292.98 294.05 293.26 292.96 293.72 293.87 293.93 293.28 293.02 292.87 293.89 293.44 293.80 293.44 293.05 294.00 293.12 293.35 293.39 292.82 294.00 293.75 293.56 293.29 293.33 292.79 292.87 292.92 292.79 293.46 293.26 293.35 292.67 293.76 293.02 293.67 293.07 294.04 292.86 293.98 293.13 293.62 292.84 293.23 293.57 293.94 293.80 293.40 292.80 292.74
293.99 293.45 293.71 292.65 292.98 293.00 293.35 293.36 293.13 294.10 294.02 293.95 294.12 292.79 293.32 293.22 294.04 293.04 294.10 293.09 293.50 292.64 293.00 293.47 293.10 293.39 294.05 293.35 293.98 292.72 293.47 293.72 294.01 293.50 293.07 292.73 293.58 294.03 292.83 294.08 293.84 292.69 293.28 293.23 293.37 293.39 293.39 293.97 293.89 293.59 293.93 293.56 293.29 293.40 293.19 293.58 293.45 292.88 293.95 293.74 293.25 294.02 292.66 293.54 293.02 292.66 294.06 293.28 292.66 293.85 292.86 293.44 292.94 294.11 293.23 292.72 292.64 293.32 293.44 293.22 293.98 293.11 293.48 292.96 293.74 293.65 293.48 293.96 293.09 293.75 293.95 293.85 292.85 293.32 293.92 293.71 293.25 293.68 293.54 293.87 292.90 294.01 292.92 293.66 293.16 293.56 294.00 293.28 294.02 294.10 293.72 294.04 293.76 293.84 294.05 293.82 292.82 293.93 293.36 293.98 293.43 293.17 294.04 292.87 293.05 292.80 294.00 293.70 294.05 293.11 292.75 293.47 292.91 293.80 292.70 293.89 292.87 293.72 293.91 293.24 292.66 293.41 292.90 293.42 293.98 292.97 293.86 292.87 293.53 293.19 293.12 293.55 292.84 292.79 292.99 292.97 293.38 293.60 292.76 293.93
293.56 293.41 293.81 293.79 293.33 293.42 292.87 294.02 293.62 293.37 293.83 293.77 293.58 293.92 293.34 293.80 292.76 293.39 293.06 293.04 293.01 293.39 293.94 293.29 292.95 293.78 293.86 293.77 294.07 293.95 293.31 292.88 293.61 293.65 292.69 292.88 292.97 292.85 293.51 292.98 292.88 293.81 293.36 293.53 293.08 292.89 293.41 293.89 294.10 292.96 292.96 292.89 293.65 293.67 293.28 292.94 292.74 293.26 293.63 293.74 293.46 294.01 293.29 293.25 293.88 293.73 292.89 293.70 293.77 292.63 294.11 293.59 293.29 293.10 293.11 293.49 292.68 293.46 293.00 293.28 292.69 293.32 293.48 293.48 293.23 293.57 293.59 292.69 293.18 293.40 293.73 293.42 292.92 293.82 293.94 293.03 292.79 292.63 293.54 293.31 293.25 294.04 293.42 293.89 293.27 292.75 292.95 292.93 293.54 292.68 294.00 294.05 293.77 293.12 293.76 293.55 293.03 293.58 293.45 293.55 294.05 293.51 293.07 292.68 292.83 293.29 293.69 293.21 292.92 293.54 292.77 293.26 293.21 293.05 293.63 292.86 292.72 293.19 293.94 293.19 293.90 293.83 293.80 292.99 293.12 293.61 292.98 293.18 293.37 293.26 292.92 292.64 293.29 292.63 293.50 293.13 293.74 293.20 292.85 292.79
292.91 293.71 293.07 293.75 293.80 293.83 293.72 292.84 293.16 293.89 292.64 293.05 293.12 293.29 293.26 294.06 292.69 294.00 293.63 292.75 293.80 293.42 293.30 292.92 293.45 293.25 292.65 293.98 293.80 293.70 294.12 293.60 292.75 293.69 293.75 293.88 293.73 293.10 293.39 293.18 293.70 293.31 293.06 293.63 293.01 293.34 293.03 293.21 293.28 293.33 293.35 293.09 293.69 293.41 293.80 292.87 293.50 292.72 292.99 292.84 292.90 293.71 292.69 293.24 292.70 293.78 293.03 292.98 293.35 293.44 294.11 293.11 293.72 293.22 293.56 294.08 293.75 293.16 292.97 293.28 293.68 293.51 293.08 293.37 293.38 293.57 293.25 293.98 292.89 292.93 292.82 293.82 293.19 293.11 294.10 293.81 293.21 293.77 293.61 293.29 292.82 292.73 293.47 293.90 292.93 293.86 294.03 293.15 293.36 292.76 294.07 292.89 293.29 293.85 292.67 293.80 292.89 293.59 293.74 292.77 293.79 292.84 293.83 292.85 292.78 293.14 294.03 293.84 293.51 293.50 293.31 292.84 293.04 293.33 293.65 293.07 292.79 293.34 294.03 293.34 294.05 294.06 292.72 293.29 293.85 294.09 293.22 293.81 293.50 293.00 293.12 294.07 292.91 292.92 292.71 292.88 293.38 292.75 293.82 292.79
293.63 292.94 293.37 293.95 293.96 292.70 293.34 293.78 293.94 293.67 293.22 293.98 293.64 293.11 292.90 293.14 293.16 294.09 293.14 292.66 292.79 294.01 293.55 293.99 293.45 293.36 293.84 292.71 292.70 293.78 293.10 293.55 294.11 292.67 294.06 293.50 292.79 292.65 293.29 293.72 293.19 293.84 293.79 292.69 293.78 292.74 293.82 294.07 292.86 293.45 293.34 293.26 293.16 293.35 292.79 294.06 293.15 294.03 293.68 293.90 293.84 292.88 293.23 293.00 292.85 293.61 293.47 293.74 292.73 293.27 292.92 293.25 294.04 293.16 292.85 293.24 293.95 293.39 293.07 292.96 292.86 293.33 292.93 293.93 292.96 293.24 292.73 293.25 293.04 292.73 294.10 294.03 293.48 293.09 293.35 293.74 293.85 293.78 294.03 293.07 293.85 293.45 292.69 293.99 293.15 293.88 293.49 293.90 293.80 293.87 293.14 293.59 293.25 292.82 293.04 293.64 293.62 293.87 293.19 292.73 292.90 292.71 293.34 292.86 293.50 294.10 293.52 293.30 293.92 292.63 293.08 293.89 293.48 294.06 293.94 293.03 292.70 292.83 293.15 293.81 293.33 292.93 293.00 292.74 293.55 293.50 293.93 293.30 293.11 293.39 293.91 292.70 292.73 293.30 293.00 293.32 293.39 293.22 292.73 292.79
293.03 293.01 294.11 293.02 293.91 292.75 293.17 293.99 293.60 293.50 293.81 294.03 293.82 293.65 292.63 294.06 293.23 293.28 292.81 293.59 292.82 293.41 293.54 293.98 293.85 293.60 292.84 293.22 293.79 293.07 293.04 293.28 292.85 293.29 293.90 294.03 293.57 293.51 293.74 293.69 293.42 293.37 293.95 293.57 292.93 292.63 293.09 293.82 293.79 293.37 293.50 293.36 292.87 293.69 293.00 292.67 294.08 293.75 293.10 293.34 292.95 293.95 293.00 293.70 293.69 292.78 292.70 293.49 293.62 293.69 292.76 293.22 293.44 292.80 292.88 293.00 292.99 294.11 293.15 293.66 294.07 292.73 293.63 293.94 293.86 292.84 293.72 293.38 293.29 294.11 293.31 293.22 293.99 293.16 293.33 293.71 292.67 293.90 293.77 293.63 293.85 293.29 293.64 293.73 293.20 292.99 293.60 293.04 292.93 292.65 292.95 293.30 293.78 292.99 292.64 293.01 293.08 293.72 293.30 292.77 292.70 293.52 292.76 293.39 292.87 293.35 292.96 293.25 293.32 293.52 292.80 292.65 294.00 293.40 293.87 293.39 293.41 293.20 293.01 292.86 293.33 292.88 292.80 293.58 293.80 293.26 293.75 292.84 293.71 293.26 293.21 293.17 292.91 292.72 293.73 293.24 293.75 294.05 293.32 292.82
294.11 293.77 293.47 293.68 293.94 292.95 292.63 292.80 292.72 292.96 293.82 292.69 292.95 294.08 294.11 294.11 292.81 293.29 294.03 294.04 293.67 293.22 293.11 293.91 293.42 293.97 293.10 292.81 293.63 292.77 293.45 292.68 293.57 293.56 293.83 293.54 294.11 293.09 292.75 293.73 292.67 293.96 294.11 293.73 294.08 292.73 293.42 293.49 293.94 294.09 293.78 293.48 294.05 292.73 294.01 293.39 293.55 294.00 293.20 293.98 292.75 293.89 292.73 294.07 293.81 294.04 293.26 293.74 293.07 294.12 292.91 293.14 293.94 293.79 292.79 293.22 293.88 292.72 293.83 292.99 293.20 293.44 293.84 293.61 293.37 292.81 292.88 292.73 293.30 292.77 293.86 293.95 293.57 293.65 292.78 293.88 293.72 293.09 293.99 292.84 293.90 293.22 292.82 293.54 292.98 292.72 292.78 293.35 293.26 292.65 293.01 293.51 294.07 293.49 293.26 294.00 293.09 293.71 293.88 292.71 294.05 293.48 293.54 292.82 292.68 293.17 293.34 294.11 293.78 293.05 292.91 292.66 293.56 293.92 292.66 293.91 292.64 292.79 293.74 293.03 293.04 293.03 292.70 293.33 292.88 293.76 294.01 293.97 292.80 293.96 292.98 293.50 293.58 293.44 292.85 293.65 293.80 293.05 293.53 293.84
293.81 293.24 293.10 293.72 293.12 293.26 293.10 293.48 293.44 293.91 293.03 293.48 292.99 293.31 293.49 293.05 294.04 293.24 293.05 294.02 293.62 293.75 293.12 293.74 294.07 293.15 293.40 294.06 294.02 294.04 292.86 293.49 293.21 293.18 293.63 293.87 292.71 293.63 293.74 293.97 293.47 293.90 293.59 292.67 292.83 293.24 293.03 292.96 293.26 293.85 293.35 293.85 292.97 293.81 294.12 293.50 293.11 293.20 293.93 294.02 293.51 293.34 292.95 293.43 293.47 293.89 293.35 293.01 293.21 293.40 293.10 293.24 292.85 294.00 292.63 292.95 293.58 293.51 293.02 293.24 292.66 293.96 292.70 293.45 293.11 293.24 293.96 293.71 293.20 294.05 293.73 292.87 293.68 293.83 292.84 293.28 293.28 293.00 293.90 293.01 292.87 294.11 294.06 294.09 294.10 293.37 293.16 294.01 293.21 293.98 292.74 293.91 292.83 292.75 293.52 294.09 293.86 293.54 292.99 293.33 293.47 293.42 293.88 293.91 292.97 292.81 293.52 294.03 293.48 293.31 293.37 292.77 293.68 292.88 293.87 292.99 293.15 292.95 293.31 292.74 293.09 293.00 293.75 293.36 294.10 293.20 292.89 292.91 292.73 293.74 293.60 293.92 293.99 293.27 293.89 293.56 293.47 292.93 293.12 293.45
293.16 293.83 293.77 293.01 293.90 293.62 292.63 293.21 293.65 293.58 293.92 293.43 293.47 293.16 293.22 293.83 294.07 293.93 293.92 292.71 292.85 292.81 293.59 293.49 292.72 293.16 292.73 292.93 294.12 292.63 293.63 293.08 292.71 293.93 293.84 293.28 293.69 293.08 292.82 292.88 293.55 293.15 293.28 293.49 293.89 293.64 293.80 293.07 292.95 292.71 293.41 293.34 293.67 293.82 293.96 293.68 293.54 292.79 293.24 293.10 293.80 293.83 293.61 292.71 293.72 293.28 294.03 294.00 293.19 293.72 293.47 292.79 294.09 293.67 293.82 293.16 293.58 293.84 293.98 293.24 292.65 293.66 294.02 293.91 293.55 293.54 293.55 293.65 293.82 293.14 294.05 293.17 292.70 293.03 293.43 293.63 293.18 293.49 293.22 293.18 294.07 293.94 293.83 293.22 293.79 293.34 294.04 293.35 293.99 293.42 293.23 292.87 293.10 294.01 294.06 293.99 293.79 292.70 293.33 292.64 293.04 293.51 293.57 292.95 293.69 293.68 292.65 292.92 293.87 293.47 293.37 293.52 293.11 293.18 293.28 293.46 293.82 293.93 294.09 293.36 293.96 293.14 293.54 293.65 293.17 293.17 293.81 293.38 293.00 293.19 294.12 293.49 293.66 293.36 293.40 293.27 293.91 292.79 293.13 293.89
293.64 293.34 293.22 294.06 293.93 292.88 294.01 292.65 293.92 293.47 293.31 294.01 293.40 293.88 293.98 293.33 293.80 293.91 292.98 293.52 293.54 293.29 293.82 293.96 293.46 293.68 293.99 293.00 293.57 293.30 292.65 293.86 292.66 292.73 293.80 293.42 292.67 293.63 294.12 293.87 293.56 293.92 292.67 293.01 292.66 292.72 293.20 293.32 294.00 292.90 292.96 293.84 293.78 293.00 293.59 292.65 293.63 294.08 293.40 292.74 293.35 293.52 293.54 293.43 293.79 293.87 292.65 293.97 293.38 293.77 293.68 292.86 293.99 293.22 293.54 293.89 294.11 293.76 292.91 293.03 293.61 293.74 294.02 292.73 292.80 293.89 292.97 293.58 293.15 293.23 293.85 293.61 292.65 293.22 293.86 293.15 293.72 292.73 293.89 292.95 293.12 293.66 292.95 293.58 292.81 292.88 293.57 293.39 293.55 292.93 294.11 293.60 293.28 292.90 293.78 293.18 293.50 293.23 292.73 293.70 293.31 293.17 293.63 293.12 293.40 292.99 293.09 292.99 293.18 292.84 293.54 293.52 292.80 294.08 293.06 293.31 293.16 293.30 292.87 293.53 293.99 293.44 293.22 293.95 293.93 292.96 292.67 293.83 293.86 293.90 293.12 293.63 293.26 292.85 293.34 293.52 292.99 293.67 292.93 293.43
292.78 293.98 293.73 293.34 294.07 293.94 294.00 294.05 293.72 292.70 293.93 293.17 292.99 293.61 293.05 293.78 293.08 292.97 293.32 293.77 292.98 293.50 293.41 293.02 293.98 292.66 292.71 292.79 294.06 293.44 293.99 292.99 293.09 293.44 293.51 294.08 293.37 293.86 294.06 292.77 293.54 292.79 293.28 293.12 293.79 293.15 293.33 293.10 292.85 292.90 292.71 294.04 293.81 293.30 293.95 293.71 293.19 293.12 292.95 293.18 293.14 293.71 293.97 293.96 292.72 293.84 293.93 293.74 293.54 292.64 293.48 292.80 293.43 293.92 292.89 292.77 293.04 293.48 292.70 293.71 292.86 292.64 292.79 293.32 294.11 293.99 293.03 293.79 293.02 293.48 292.76 294.04 293.85 293.83 293.57 294.01 293.79 294.00 292.97 293.85 293.90 293.69 293.92 293.46 293.90 293.25 293.47 293.07 293.82 292.79 292.91 292.74 292.67 293.74 293.53 293.52 293.94 293.76 293.31 292.88 292.86 293.63 293.47 292.76 292.94 293.07 293.97 293.80 293.23 293.51 294.10 294.02 292.88 292.73 293.71 292.80 293.35 293.27 294.02 292.69 293.37 293.00 293.82 292.86 293.62 293.73 292.79 293.79 293.59 293.57 292.92 293.55 292.90 293.02 293.85 292.65 292.70 293.33 292.71 294.05
292.93 293.65 293.55 292.81 293.13 293.67 293.00 292.81 292.77 293.51 293.17 293.77 292.90 293.55 293.26 293.60 293.19 293.03 292.96 294.05 292.99 293.45 293.22 293.19 293.06 292.67 293.48 294.11 293.92 293.93 293.22 293.15 293.84 292.90 293.96 293.24 293.35 293.57 293.84 292.87 293.62 292.98 294.00 293.94 294.11 292.75 293.59 293.65 293.88 293.59 293.22 292.64 293.25 293.77 293.45 293.04 292.74 293.53 292.86 294.02 293.32 292.81 292.75 293.65 292.70 293.44 293.07 293.03 293.56 294.10 293.74 292.87 293.54 293.17 292.82 292.91 293.78 293.31 292.92 293.25 294.12 292.91 293.84 293.75 293.06 292.80 292.67 293.29 292.70 293.15 292.96 292.88 292.92 294.08 293.98 293.04 293.85 293.58 293.97 294.03 293.66 293.56 293.84 293.41 294.09 293.63 292.70 293.75 293.76 292.97 293.39 293.19 293.03 293.97 293.84 293.47 292.70 292.86 293.16 294.04 292.66 293.32 292.88 293.71 293.20 293.61 292.88 293.79 292.96 292.91 293.82 292.70 293.97 292.86 294.05 292.81 293.77 292.97 293.39 292.88 294.08 293.24 293.24 293.60 292.79 293.38 292.91 293.85 293.42 292.79 293.57 293.56 293.84 293.58 292.82 293.20 293.38 293.27 293.84 294.04
293.24 293.70 292.65 293.71 293.42 292.65 293.43 293.11 293.38 294.11 293.32 293.14 293.60 292.89 293.50 292.73 293.29 292.83 292.65 293.47 293.60 293.87 293.05 293.83 293.39 293.71 292.90 293.95 293.19 294.12 293.96 293.74 292.72 293.89 293.20 293.18 293.33 292.68 293.36 293.40 293.31 293.21 293.04 293.56 293.15 292.92 292.89 293.50 293.40 292.90 293.01 292.64 294.11 293.66 292.81 293.87 292.98 293.05 292.97 293.53 293.49 292.90 292.63 293.57 292.94 293.69 292.95 292.70 293.46 293.60 293.07 293.41 293.17 292.63 293.04 293.52 293.78 293.62 293.48 293.61 293.43 294.08 293.20 293.46 293.01 292.88 292.92 293.35 292.74 293.64 293.93 293.26 292.64 292.77 293.39 293.16 293.33 294.10 293.32 293.20 293.62 293.60 293.87 292.77 293.35 292.71 293.06 293.26 293.46 293.95 294.03 293.72 293.55 294.04 293.19 293.67 293.45 293.98 293.72 293.48 293.39 293.50 293.57 292.66 293.63 293.18 293.85 293.19 294.08 292.91 292.75 293.60 293.19 293.38 293.19 294.08 293.25 293.56 292.85 293.63 292.69 292.82 293.07 293.41 293.36 293.51 292.68 292.82 293.87 293.38 293.44 292.69 294.05 293.08 293.38 292.81 293.82 292.97 294.01 293.68
293.16 292.85 293.23 292.94 293.14 293.68 293.97 293.12 293.97 293.39 293.50 292.85 293.52 292.88 293.85 293.77 292.66 292.77 293.57 293.89 293.76 293.96 293.23 293.10 293.15 292.67 293.69 293.29 292.66 293.66 293.32 293.22 293.03 293.02 293.60 294.04 293.27 292.91 293.59 293.83 293.51 293.26 293.54 293.91 293.26 293.64 293.82 293.86 293.64 292.87 293.48 293.28 293.57 293.84 293.36 293.45 294.05 292.84 293.31 292.97 293.97 293.48 293.33 293.59 292.74 293.54 293.17 293.15 293.58 292.83 292.81 292.76 293.40 292.86 292.69 293.83 293.48 293.71 292.94 293.35 292.82 293.15 293.77 293.33 293.32 293.94 292.83 294.06 292.84 293.66 293.19 293.82 294.02 293.02 293.54 293.25 293.36 292.76 292.95 293.63 293.04 293.21 292.81 293.97 294.06 293.87 292.95 293.04 292.82 292.65 293.58 293.54 292.83 292.95 292.84 292.74 292.71 293.12 293.49 293.52 292.75 293.56 294.09 293.58 293.45 293.90 293.89 293.67 293.90 293.09 293.55 293.28 292.92 292.96 294.00 293.13 293.65 293.70 293.31 293.75 293.51 293.69 293.50 293.00 293.22 293.31 293.79 293.42 293.72 292.86 293.63 294.10 293.92 293.07 292.93 292.63 293.42 292.92 293.58 292.86
292.72 293.73 293.44 292.76 293.83 293.35 293.51 294.09 293.29 293.63 293.98 293.94 293.04 293.77 293.64 294.08 293.79 293.23 293.96 292.96 292.88 293.23 292.63 293.53 294.06 292.90 293.31 294.00 293.36 292.70 293.87 293.12 294.03 293.16 294.03 293.87 293.25 293.08 293.80 292.95 293.92 292.70 293.45 293.28 293.98 293.88 293.91 292.73 293.98 293.31 293.16 293.52 293.33 293.54 294.10 293.80 293.29 293.13 292.66 293.32 293.60 293.32 293.74 293.98 293.42 292.89 292.77 293.91 293.56 293.48 293.14 293.98 294.04 293.46 293.70 293.46 293.49 293.93 293.25 293.89 293.73 293.62 293.76 293.15 292.96 293.14 293.74 293.41 293.31 293.38 293.55 293.54 293.74 293.09 293.99 293.74 293.05 294.10 293.09 293.14 293.29 292.76 293.70 292.84 293.05 293.67 293.21 292.63 293.41 293.02 294.12 294.04 293.52 292.93 293.22 293.22 292.64 293.00 293.94 293.37 292.92 293.35 293.95 293.69 293.63 293.12 293.17 293.30 293.61 293.65 292.94 292.65 294.05 293.72 292.68 293.82 292.68 293.99 293.96 292.92 293.96 292.98 293.73 293.14 294.12 293.53 293.98 293.55 292.83 294.10 293.68 292.83 292.97 292.81 294.05 293.93 294.12 293.54 293.30 292.93
293.91 293.02 293.12 292.86 292.83 292.83 293.44 293.60 293.83 293.99 293.45 293.89 293.78 293.97 293.38 293.25 292.96 292.77 293.92 294.07 293.81 293.80 293.45 293.59 293.06 293.46 292.82 294.09 293.51 293.87 293.48 293.74 293.91 292.87 294.08 294.09 294.05 293.61 293.76 293.16 292.84 292.67 293.88 293.66 292.99 294.05 292.63 293.87 293.06 292.77 293.12 294.02 294.10 292.73 292.98 294.03 293.50 293.53 293.40 293.07 293.38 293.50 293.21 293.92 292.83 293.14 293.72 292.96 293.00 293.64 292.66 292.92 292.86 293.27 293.29 293.82 293.05 292.81 292.83 292.92 292.88 292.68 292.75 294.05 294.12 292.75 292.76 293.64 293.72 293.17 293.52 293.00 293.01 292.92 293.35 293.68 292.99 293.22 293.92 293.02 294.11 293.55 292.98 292.69 293.07 292.96 292.89 292.67 294.02 292.69 292.85 293.80 292.79 293.38 293.89 293.05 292.67 293.12 293.08 294.08 292.70 293.67 293.97 292.90 293.84 292.89 293.25 294.11 293.62 293.74 292.91 293.44 294.00 293.54 293.86 293.22 293.50 293.05 292.71 293.89 293.22 294.07 293.90 293.17 292.99 293.18 294.09 294.09 293.74 293.40 294.04 293.98 293.04 293.92 293.96 293.52 293.73 292.77 292.85 293.74
293.52 293.89 292.80 293.99 292.89 293.90 293.80 293.37 292.99 293.99 293.52 292.74 292.63 292.67 293.33 294.03 293.53 293.52 292.95 293.63 292.64 293.40 294.08 292.80 293.25 292.77 293.69 293.66 293.85 293.81 294.01 293.26 293.41 292.77 293.13 293.34 292.64 293.46 293.37 293.52 293.93 294.05 293.50 292.93 293.56 294.02 293.31 294.12 293.04 293.82 293.58 292.66 293.95 293.25 294.02 292.92 293.65 292.66 293.33 292.82 293.50 293.76 294.09 293.28 292.88 293.76 293.62 293.17 293.65 293.64 292.86 292.78 293.16 293.52 293.23 293.51 292.99 292.81 293.79 293.81 293.46 293.46 293.09 292.89 293.98 293.83 293.64 293.02 293.64 292.93 294.06 293.03 292.79 293.57 293.81 292.88 294.00 292.75 292.66 293.86 293.10 293.11 293.20 294.01 294.05 293.80 294.01 293.29 293.01 294.00 293.20 292.86 293.54 293.85 293.59 292.74 293.90 293.48 292.90 293.05 294.00 294.10 293.80 293.94 293.90 292.63 293.39 293.44 293.79 293.62 293.09 292.81 293.84 293.34 293.21 294.08 293.66 292.89 292.82 293.44 292.77 293.57 292.78 292.88 292.67 294.02 292.69 293.66 293.44 293.88 292.64 293.07 293.02 293.17 293.63 293.64 294.10 293.73 292.83 293.43
293.80 292.98 292.86 293.82 292.93 293.59 293.32 293.81 293.06 292.81 294.02 293.45 293.47 293.28 292.96 293.36 293.94 293.81 293.25 293.56 293.05 292.92 293.08 293.45 293.72 292.63 293.43 292.85 293.87 293.06 294.07 293.04 293.12 294.03 293.97 293.08 293.91 293.38 292.99 292.83 293.39 292.91 293.22 293.06 293.42 293.53 292.86 293.49 293.57 293.37 293.94 293.84 293.73 293.24 294.00 292.65 293.30 293.05 293.69 292.92 293.43 292.94 292.85 293.57 293.70 293.28 293.68 293.89 293.62 292.91 293.41 292.65 293.63 293.86 292.84 293.13 293.95 293.61 292.96 293.62 293.29 292.83 293.06 292.68 293.96 293.39 293.90 293.35 293.37 293.22 293.08 293.92 292.91 293.90 292.99 293.97 293.74 293.17 293.71 293.44 293.70 293.59 293.21 293.49 293.07 293.82 293.13 293.53 293.13 293.67 294.01 293.94 293.58 293.76 293.23 293.87 293.14 293.43 292.93 293.55 293.18 293.72 292.90 293.97 293.25 292.63 292.83 294.08 293.15 292.83 293.43 293.33 292.83 293.35 293.84 293.09 293.60 292.89 293.19 293.21 293.50 293.93 292.66 293.23 293.98 292.91 294.05 293.62 292.99 293.15 293.41 292.75 294.08 293.82 292.97 293.03 293.88 293.60 293.02 293.39
293.17 292.75 294.02 293.47 293.15 293.01 293.41 293.11 293.34 293.30 293.56 293.71 292.63 292.86 293.77 293.23 292.85 293.37 293.90 293.98 293.31 292.88 294.09 293.64 293.35 294.01 292.87 293.66 292.74 293.06 293.88 292.68 293.70 294.04 293.54 293.00 293.87 293.82 292.67 293.17 293.97 293.04 293.16 293.49 292.76 292.86 293.71 292.67 294.09 293.49 293.28 293.94 292.75 293.20 294.10 293.69 292.72 292.84 293.14 293.74 292.70 293.58 293.86 292.83 293.53 293.80 292.98 293.73 293.84 293.36 293.56 292.91 293.53 293.89 293.49 292.63 293.93 293.25 293.01 293.09 292.74 293.60 294.03 292.67 292.87 293.38 293.40 293.68 293.32 292.92 293.81 293.76 293.90 292.66 293.14 293.35 293.52 293.10 293.42 293.62 292.71 294.11 292.97 293.40 292.79 293.36 293.76 293.07 292.92 293.31 292.87 293.78 293.47 294.02 292.64 293.16 292.85 293.22 293.33 293.02 293.35 292.63 293.42 293.84 293.98 293.72 293.92 292.77 293.50 294.11 293.22 293.28 293.46 293.14 293.91 293.02 293.13 293.96 293.35 293.99 292.63 293.23 293.81 293.15 293.79 294.11 293.86 292.65 293.58 294.09 292.93 293.45 293.62 293.47 293.64 294.01 293.90 292.82 293.00 293.78
292.96 293.35 292.86 293.07 293.69 293.61 293.22 292.79 292.83 292.73 292.77 292.78 294.10 293.60 294.06 293.82 293.06 293.11 293.78 292.96 292.80 292.64 292.84 293.08 293.75 294.06 293.25 293.99 293.16 294.05 293.63 294.07 293.15 293.38 292.96 292.85 292.96 294.06 293.60 293.23 293.66 293.85 293.71 293.68 293.82 292.74 293.05 293.71 292.83 292.76 293.49 293.22 292.63 293.47 294.05 293.31 292.68 293.66 293.57 293.16 292.63 292.63 293.93 293.43 293.05 293.62 293.65 292.71 293.81 293.56 293.99 293.01 293.63 293.06 294.02 293.26 293.92 292.83 293.77 294.12 293.85 293.03 294.08 293.11 293.30 293.95 293.94 293.10 293.95 293.11 292.89 293.43 293.32 292.66 293.56 293.38 293.22 293.55 293.56 294.10 293.05 293.88 292.87 292.73 292.63 294.02 293.45 293.09 294.03 292.82 293.10 293.44 293.47 293.71 293.17 292.72 293.46 293.18 293.80 293.76 292.65 293.68 292.66 294.09 294.00 293.96 293.60 293.22 293.39 293.54 293.98 293.41 292.93 293.01 292.82 293.95 292.72 293.26 293.28 293.78 293.83 293.14 292.97 293.37 292.87 293.54 292.88 293.88 292.81 292.63 292.84 293.43 293.13 293.74 293.27 293.92 292.99 293.75 294.06 293.16
293.03 293.34 292.68 293.84 292.71 292.96 293.03 294.08 293.54 292.67 293.33 293.14 292.65 292.76 293.33 294.06 293.81 292.75 292.88 292.75 293.83 292.73 293.47 293.59 292.90 293.47 293.94 293.19 292.99 293.43 293.43 293.11 292.86 293.67 293.18 294.02 294.05 292.92 293.27 293.01 293.24 293.90 292.96 293.38 293.83 293.60 293.38 293.15 293.15 293.50 292.97 293.83 293.76 293.50 293.56 293.81 293.82 293.17 293.63 292.87 293.87 293.34 293.77 293.04 293.02 293.62 293.56 293.75 293.02 292.80 292.63 294.00 293.73 293.29 292.68 293.35 293.20 293.01 293.47 293.04 293.53 292.91 294.12 293.29 293.42 292.64 293.17 294.00 293.99 294.12 293.07 294.05 294.05 293.63 293.21 294.06 293.61 293.32 292.85 293.92 292.73 293.43 294.10 293.31 293.77 294.03 293.12 292.65 292.90 292.96 292.63 293.58 293.96 292.68 293.69 293.64 293.11 293.84 293.44 292.70 293.85 293.63 293.42 293.66 292.98 292.80 293.24 293.51 293.80 292.65 292.79 293.22 292.70 293.83 294.01 293.62 292.85 293.02 292.79 292.93 292.90 293.35 293.98 293.42 293.22 292.96 294.09 293.36 292.72 292.90 293.56 292.77 292.78 293.73 293.61 292.70 293.51 292.70 293.97 293.82
293.35 293.00 293.05 293.65 293.12 292.83 293.96 293.81 292.81 293.42 293.72 292.82 293.24 293.62 294.01 293.03 292.82 293.46 293.56 293.81 293.22 293.60 293.62 292.74 293.46 294.05 293.22 293.83 293.81 293.36 293.32 292.93 292.99 292.65 293.40 293.51 293.90 294.08 294.11 293.42 293.09 293.56 293.14 293.17 293.23 292.75 292.70 294.03 293.00 292.85 293.69 292.76 292.76 293.79 293.74 292.96 293.76 293.92 293.94 293.56 293.87 292.99 293.42 293.39 293.20 293.32 293.35 293.88 292.72 293.57 292.85 293.98 293.02 293.58 292.86 293.36 292.77 292.80 293.77 293.79 293.97 293.55 293.98 293.07 293.64 293.05 292.69 293.38 292.64 293.49 293.46 293.09 293.72 293.20 293.33 292.91 293.21 293.56 293.99 293.66 294.03 293.07 293.48 293.97 293.25 293.59 292.73 293.37 293.11 293.08 293.78 293.58 293.07 292.87 293.82 293.59 293.54 293.01 292.68 293.71 293.40 292.99 293.44 293.29 294.01 293.62 292.77 293.52 292.97 292.78 293.85 292.91 292.87 293.26 293.20 293.75 293.21 293.38 294.07 292.66 293.36 293.20 292.81 294.08 292.89 294.08 293.62 293.29 293.84 293.77 292.87 293.67 294.04 293.87 293.11 293.48 292.67 292.64 293.03 293.66
293.89 292.70 293.10 292.95 293.52 293.74 292.86 293.70 293.02 293.19 293.58 294.12 294.03 293.48 292.92 293.95 293.73 292.95 292.69 292.72 293.97 293.74 293.27 293.48 293.01 293.03 292.76 293.37 293.74 293.34 292.85 293.72 292.74 292.96 292.89 293.47 293.98 293.34 293.05 293.24 292.79 292.67 293.87 293.33 293.66 293.46 293.50 292.76 292.68 293.88 293.03 293.17 293.95 293.08 292.75 293.57 292.70 292.74 293.65 293.67 293.07 292.85 294.09 293.42 293.04 293.74 293.84 292.72 293.07 292.87 293.72 293.18 293.31 293.53 293.86 292.90 292.81 294.04 293.53 292.70 293.82 292.63 293.63 292.93 292.64 293.55 292.97 293.37 294.02 292.82 293.03 293.75 293.85 293.31 293.61 293.16 292.99 292.77 293.30 293.26 292.96 293.32 293.28 292.97 293.86 292.86 293.19 293.02 293.91 293.07 293.17 292.88 292.92 293.34 293.73 293.22 292.93 294.03 294.04 293.43 292.69 293.41 293.42 293.75 293.55 293.94 293.78 293.35 292.87 293.13 293.89 293.76 293.06 293.52 294.10 293.37 293.37 293.90 293.92 293.57 292.99 292.89 293.67 292.66 294.03 293.70 293.53 293.88 293.90 293.41 293.47 292.87 293.25 293.47 293.36 294.06 293.86 294.10 292.82 293.56
293.69 293.39 293.34 293.60 293.69 292.76 293.31 292.78 292.68 293.16 294.00 292.68 293.61 292.99 293.40 293.63 293.08 292.70 292.91 293.08 294.08 293.62 293.92 293.08 292.84 293.79 293.67 293.39 293.85 293.98 293.79 293.26 293.50 292.73 294.07 293.65 293.76 292.87 292.71 293.17 293.52 293.83 293.87 292.89 293.72 293.21 293.82 292.77 293.86 292.85 293.06 293.43 293.37 293.41 294.00 293.52 293.80 293.53 293.11 293.35 292.93 293.07 293.14 293.84 294.06 293.34 293.96 293.38 293.46 292.69 293.82 293.65 293.71 293.91 292.99 293.30 293.40 294.07 293.01 293.73 292.98 293.92 293.68 293.06 292.87 292.76 293.13 292.74 293.79 293.48 293.03 292.77 293.79 293.44 293.95 293.60 293.75 293.77 292.65 293.32 293.53 292.95 293.85 293.78 293.63 293.07 292.87 293.61 293.43 292.76 294.03 292.63 293.89 292.78 293.86 292.75 294.02 293.55 292.63 293.67 293.07 292.71 293.34 293.25 292.79 293.23 293.31 292.99 293.33 293.56 294.11 293.55 293.14 293.85 293.61 293.10 293.59 293.76 293.45 292.82 293.95 292.83 293.35 293.58 293.48 292.80 293.07 293.78 293.04 293.95 293.46 293.88 293.72 293.42 294.02 293.51 292.79 293.21 293.48 293.61
293.27 293.96 292.76 293.21 293.06 293.83 293.00 293.50 293.72 292.71 293.45 293.48 293.90 294.09 294.05 293.67 293.89 294.04 293.48 293.42 293.52 293.57 293.03 293.46 293.37 293.11 293.66 293.95 292.72 294.08 294.02 293.85 293.62 293.78 293.01 293.34 292.70 292.75 293.00 294.12 292.94 293.44 292.80 293.02 293.23 293.38 293.81 293.03 293.12 293.99 294.10 293.61 293.45 294.00 293.49 293.34 293.81 292.86 293.50 293.75 293.17 292.89 293.53 293.62 292.78 293.46 292.93 294.10 293.21 293.83 293.09 292.71 293.98 293.19 293.91 294.09 292.64 293.70 292.81 293.16 293.08 293.95 293.39 293.47 293.76 293.19 294.08 292.77 293.03 293.52 293.30 293.19 293.25 293.31 293.33 292.66 293.00 294.06 293.04 292.67 293.29 293.11 293.46 292.80 292.76 293.31 294.00 294.01 293.86 292.67 293.95 293.49 293.63 294.12 293.63 293.99 293.63 292.78 293.36 293.96 293.52 292.95 293.57 293.01 293.74 294.01 292.86 293.54 293.81 294.05 292.96 293.87 293.00 294.12 294.07 292.87 293.85 292.65 293.28 293.13 292.73 293.49 293.85 293.13 293.73 292.76 293.32 293.99 292.73 294.10 292.93 293.56 293.07 293.79 293.44 293.69 292.93 292.90 292.90 293.18
292.93 292.98 293.20 292.79 293.25 292.87 294.11 293.22 292.95 293.98 292.93 293.28 293.27 292.96 293.76 293.37 293.41 293.00 293.51 293.87 293.20 293.65 292.93 292.69 292.67 293.50 293.33 292.87 293.04 293.63 293.74 293.77 292.67 293.66 293.62 293.04 293.49 292.80 293.19 293.38 293.67 293.42 292.89 292.79 294.09 292.85 292.85 293.82 293.45 293.26 292.73 293.32 292.93 292.73 292.71 292.79 292.83 293.70 293.63 293.81 293.16 293.43 293.54 293.67 292.96 293.69 292.69 292.76 293.29 292.98 294.02 294.05 292.73 293.98 293.69 292.83 292.81 293.70 293.71 293.58 293.46 293.51 293.09 293.36 294.09 292.82 293.04 292.98 293.89 292.78 293.05 293.21 293.45 294.05 293.79 293.83 293.73 293.30 293.63 293.92 292.96 293.40 293.39 293.60 292.99 293.46 292.80 293.85 293.57 293.70 293.32 293.17 293.34 292.98 293.20 293.27 294.06 292.97 292.88 293.25 294.10 293.99 293.19 293.48 293.69 293.20 293.06 292.88 293.62 293.06 293.82 293.71 293.55 293.68 293.71 292.99 293.74 293.96 293.74 293.16 292.89 293.89 292.72 293.88 293.87 294.00 293.24 293.57 293.05 294.03 293.21 293.91 293.75 293.70 293.86 293.18 294.03 293.89 292.76 292.82
294.11 292.92 292.85 293.68 292.68 294.11 293.94 293.71 292.93 292.73 294.09 293.17 292.82 293.64 293.03 292.64 293.24 293.62 293.26 293.59 293.64 292.71 293.03 293.16 292.72 292.79 292.95 293.32 293.45 292.74 293.94 292.95 292.89 293.81 294.03 292.89 293.97 293.25 292.73 292.88 292.95 293.20 293.26 293.92 294.07 293.23 294.04 293.15 293.57 293.80 293.15 292.95 293.95 293.06 292.84 293.19 293.15 292.74 293.65 292.80 293.31 293.55 293.37 292.74 293.50 293.07 294.04 292.76 293.84 293.78 293.71 293.77 293.93 293.61 293.34 292.78 292.63 293.63 293.40 293.91 292.66 294.06 293.11 293.39 293.20 293.99 293.63 293.83 293.09 293.67 293.06 292.79 293.90 293.88 293.98 293.54 293.13 292.67 293.68 293.00 292.66 293.67 293.64 292.97 292.65 293.68 293.30 293.78 292.68 293.33 293.02 292.63 292.73 292.71 293.03 292.73 292.66 294.04 293.94 293.26 292.79 294.01 294.05 294.03 293.68 294.02 293.64 294.07 293.92 293.49 293.29 294.06 292.74 293.00 293.02 294.11 293.94 292.92 293.03 293.53 293.19 294.12 293.54 293.73 294.12 293.98 293.39 293.12 293.99 293.78 292.78 293.55 293.99 293.60 293.53 292.95 294.05 293.97 293.22 293.28
293.38 293.38 293.64 293.90 293.91 293.92 293.27 293.90 293.43 293.46 293.25 293.33 292.75 293.86 292.80 293.45 293.41 293.33 293.08 292.65 294.10 293.59 294.12 293.05 293.17 292.70 293.51 293.43 292.75 293.07 292.96 293.12 292.83 292.66 292.69 292.74 293.81 293.43 293.44 292.81 292.76 293.63 294.00 293.57 293.94 293.06 293.35 292.99 293.30 293.71 294.02 293.90 293.68 292.74 292.74 293.30 293.96 293.59 293.28 293.99 292.64 293.30 293.47 294.08 293.09 293.60 293.55 293.49 292.85 293.33 293.18 292.79 292.66 293.66 294.09 293.02 293.66 293.19 293.95 293.55 293.74 293.86 294.11 293.11 293.53 292.87 293.14 293.26 293.26 293.92 293.07 293.21 293.14 292.84 293.40 294.09 293.31 292.84 293.55 293.23 293.46 293.17 293.85 292.97 292.94 292.96 293.25 293.68 293.66 293.97 292.67 293.80 292.63 293.44 293.13 293.06 293.79 293.73 293.77 292.70 292.75 293.92 293.09 293.17 293.63 293.19 293.50 293.77 292.70 293.81 292.85 292.86 292.86 293.87 292.66 293.83 293.92 293.18 293.63 292.69 292.71 293.97 292.88 294.00 293.41 293.08 292.65 293.79 293.89 293.39 293.85 293.32 293.52 293.82 293.46 293.84 293.54 293.04 293.43 293.26
293.51 294.07 294.11 292.72 293.99 293.67 293.47 292.78 293.09 293.70 292.72 292.88 294.03 293.54 293.76 293.96 293.55 293.57 293.42 293.05 293.18 293.66 293.18 293.75 293.17 293.42 293.73 293.06 292.71 293.79 293.56 292.84 293.22 293.16 293.25 293.66 293.96 292.69 292.97 293.74 292.91 293.06 292.94 293.69 293.74 294.00 292.87 293.83 293.10 292.97 293.44 293.60 293.97 293.52 293.72 292.79 293.57 293.12 293.69 292.76 293.37 293.13 292.82 293.93 293.68 293.81 293.68 294.10 293.06 292.77 293.61 293.49 293.48 293.16 293.27 293.71 293.56 293.48 292.64 292.94 293.22 294.05 293.20 293.30 292.86 292.77 292.91 292.74 294.07 293.22 293.57 293.48 293.73 293.58 293.63 293.81 293.33 292.90 293.82 294.03 293.24 293.25 293.73 293.23 293.22 293.72 293.77 293.13 292.86 293.11 293.79 293.51 292.90 293.80 293.92 292.91 293.28 292.65 293.61 293.87 292.79 293.49 292.97 293.71 294.00 293.88 292.72 293.31 292.69 292.64 293.78 292.97 293.91 293.24 293.81 293.88 293.07 293.47 293.58 292.81 293.02 293.65 293.31 293.87 292.88 293.02 293.35 292.93 293.98 293.90 293.75 293.63 293.23 292.81 293.84 293.84 292.65 292.75 294.05 292.84
292.76 293.87 293.83 293.31 293.71 293.90 293.83 293.47 294.12 294.11 292.81 293.29 294.05 293.26 293.97 293.84 293.81 293.65 293.42 292.95 293.73 293.03 294.06 293.24 293.68 293.48 293.94 293.73 292.87 293.74 292.85 292.78 293.99 293.88 293.70 293.34 294.09 293.32 293.49 292.80 293.57 293.02 293.90 293.53 292.87 294.09 292.97 293.09 293.72 293.28 292.83 293.97 293.65 293.15 293.01 293.97 293.56 294.11 292.69 293.62 292.81 293.69 293.56 294.03 292.83 292.89 293.35 293.89 293.85 293.90 293.11 292.96 292.73 292.82 293.20 293.53 293.98 292.67 292.81 293.43 292.88 292.88 292.91 294.04 293.33 293.31 293.77 293.38 293.52 292.96 293.56 292.67 292.85 293.52 292.85 292.72 293.73 292.69 293.59 293.00 292.79 292.78 293.27 293.59 293.89 293.20 293.19 293.00 293.49 292.76 292.63 293.02 292.78 293.05 293.17 292.94 292.90 292.79 293.16 293.86 292.65 292.80 293.91 293.03 292.99 292.82 293.07 293.40 292.85 293.47 293.96 293.42 292.83 293.73 293.53 292.71 293.19 292.70 293.33 293.57 293.14 293.30 293.04 293.15 293.89 292.97 293.40 293.71 292.73 293.05 293.89 293.09 293.80 293.38 293.67 293.62 293.59 292.71 293.02 292.73
293.94 293.03 293.84 292.83 293.34 293.78 293.70 293.89 293.26 292.85 293.60 293.22 293.61 293.76 293.59 293.21 292.68 294.12 292.85 293.49 293.31 293.33 292.63 292.80 294.06 292.68 294.01 292.96 293.42 293.72 293.39 293.02 294.02 294.10 293.42 293.30 293.37 293.85 293.08 293.24 292.66 292.65 293.93 293.39 293.68 294.05 293.06 294.01 292.81 292.78 293.17 292.91 293.72 293.40 292.83 293.40 292.76 292.64 292.85 293.18 294.02 292.85 292.71 292.74 294.00 293.87 294.01 293.72 293.51 292.77 292.88 293.50 292.76 293.48 294.06 293.93 293.57 294.04 293.49 293.37 293.29 293.15 294.10 293.06 293.38 293.57 293.22 293.04 292.80 293.89 293.10 292.69 292.71 293.95 292.98 293.07 293.48 294.00 294.05 293.21 293.70 292.74 293.41 292.85 293.76 292.66 293.80 292.75 292.69 293.50 292.72 293.62 293.36 292.78 293.94 293.82 293.13 293.91 292.75 292.74 292.80 293.85 293.08 293.06 293.42 293.41 293.15 292.76 293.77 293.88 293.21 293.79 293.19 293.56 293.57 292.97 293.79 292.89 292.88 293.10 293.79 293.62 293.12 293.77 293.62 292.97 292.85 293.11 293.59 293.26 293.75 293.90 292.89 293.42 293.28 293.11 293.83 293.21 293.86 293.44
292.99 293.84 292.83 292.73 293.97 293.43 294.01 293.33 293.91 293.94 293.48 293.34 293.24 293.28 293.43 292.75 293.63 292.84 293.51 292.96 293.71 293.46 294.06 292.92 293.20 292.80 294.06 293.31 293.81 293.85 293.67 293.45 294.03 292.99 294.04 294.09 292.97 293.93 293.64 293.09 293.19 293.88 293.87 293.13 293.03 293.09 293.83 292.63 292.80 293.41 293.54 292.75 293.89 292.72 293.01 293.76 292.96 292.87 293.24 294.03 293.29 293.85 293.23 293.89 292.82 292.74 292.63 293.89 293.74 292.93 293.61 293.09 292.93 292.81 293.99 294.08 293.91 293.12 294.02 292.64 293.77 294.08 293.62 292.98 293.37 293.55 293.79 293.91 293.67 294.12 292.86 292.81 292.72 293.46 294.09 293.35 292.75 293.74 293.17 293.59 293.64 293.93 292.90 292.75 293.84 293.14 293.60 294.05 293.23 293.03 293.45 293.79 293.86 293.61 294.11 294.10 294.08 293.80 293.72 293.49 292.90 293.88 294.07 293.06 293.57 293.04 292.71 292.67 292.80 292.80 293.89 293.71 294.00 292.67 293.74 293.61 292.89 292.91 292.83 293.87 293.44 292.87 292.75 293.57 293.97 293.18 293.57 294.03 293.47 292.82 293.75 293.81 293.31 293.14 294.10 293.05 292.84 293.46 293.06 293.54
292.66 294.12 292.78 292.73 293.96 293.24 292.70 293.36 293.97 293.24 294.11 293.40 293.26 293.16 293.18 292.91 293.61 293.50 293.91 292.73 293.59 293.67 292.76 293.83 292.64 293.82 293.11 293.05 292.66 293.44 293.35 293.41 293.53 293.12 293.20 293.57 293.82 293.06 293.29 293.84 293.54 293.98 293.52 292.67 293.24 293.26 293.27 293.23 293.77 293.99 293.52 293.16 293.07 293.20 293.21 293.14 294.09 292.89 292.95 293.42 293.29 293.49 293.57 293.72 293.10 292.87 293.64 292.99 293.95 293.90 293.17 293.88 293.34 294.08 292.94 293.81 292.98 292.95 293.08 293.82 292.86 292.66 294.00 293.39 293.06 293.15 292.69 293.72 294.11 294.10 292.82 293.56 293.57 293.09 293.63 292.83 293.70 293.59 293.25 293.51 293.21 292.64 293.75 292.97 292.74 292.87 293.79 293.65 294.03 293.65 294.07 292.71 294.02 293.58 294.08 292.98 292.70 293.56 293.28 293.10 292.84 293.46 294.11 293.64 293.79 293.34 293.48 293.53 293.32 293.74 293.11 294.10 293.86 294.06 292.71 293.78 293.19 293.70 294.12 293.20 293.10 292.84 293.29 293.95 293.67 293.52 293.94 292.81 294.00 293.13 293.79 292.89 292.95 293.12 294.04 293.12 293.39 292.76 293.92 293.35
293.58 293.46 293.52 293.64 292.66 293.02 293.63 293.61 293.81 293.85 293.67 292.93 292.86 293.89 293.48 293.75 293.89 292.97 293.67 292.88 294.00 292.90 293.27 293.77 293.63 293.88 293.02 293.15 293.19 293.38 293.46 293.32 292.89 293.75 294.01 293.09 293.99 294.10 293.32 293.39 293.14 293.13 293.53 293.14 293.51 292.64 293.42 292.94 293.59 293.71 293.68 293.94 292.93 293.41 292.79 293.86 293.33 293.00 293.35 292.69 293.99 293.92 293.04 293.33 292.83 293.38 293.13 293.34 293.53 293.43 292.74 292.75 293.27 293.54 293.85 293.87 293.70 292.64 292.98 293.59 293.61 292.63 293.15 292.96 293.80 293.54 293.63 293.62 293.39 293.25 293.43 293.52 293.54 292.64 293.99 293.98 293.64 292.77 292.87 292.92 293.53 293.27 292.82 292.74 293.30 293.48 292.93 292.98 292.71 293.43 292.85 293.60 292.88 293.55 292.85 293.65 292.91 293.35 292.73 293.71 294.03 294.02 293.36 293.49 292.96 294.01 293.80 293.19 293.59 293.30 293.89 293.40 293.13 294.02 293.72 292.96 292.98 292.96 293.65 293.86 293.35 292.93 293.59 293.96 292.79 292.92 293.55 292.98 293.70 292.84 293.08 292.87 293.63 293.10 293.16 293.14 292.66 293.56 292.91 292.72
292.83 292.74 293.47 293.26 293.91 294.07 292.71 293.81 293.21 293.20 293.58 293.70 293.69 293.31 293.24 292.97 293.05 293.85 294.00 293.00 294.02 293.55 294.02 293.13 293.98 293.84 293.60 293.32 293.56 293.95 293.59 293.49 293.37 293.84 292.66 293.25 294.08 293.29 293.49 292.97 293.97 293.76 293.94 293.43 293.38 292.78 293.22 292.97 293.75 292.82 292.94 292.76 292.96 293.22 293.54 294.11 293.89 293.68 293.95 293.06 293.60 293.08 293.80 292.83 292.87 293.42 293.16 293.27 293.00 293.36 292.63 293.74 292.97 293.55 293.67 293.68 293.31 293.83 293.62 293.43 293.95 294.10 293.11 292.95 292.63 292.76 292.91 293.06 292.64 293.70 292.64 294.06 293.18 294.11 293.90 293.25 294.00 293.42 292.72 293.67 293.16 293.91 293.33 293.34 293.52 293.18 293.95 293.51 293.51 292.64 293.44 293.14 293.13 293.02 293.60 293.85 292.64 293.33 293.03 293.00 293.24 293.76 293.20 293.40 294.03 293.93 292.73 293.78 293.13 293.64 292.83 292.99 293.87 293.88 293.54 293.84 293.14 293.29 293.96 293.86 292.72 293.70 292.82 293.93 293.07 293.84 292.94 292.89 293.82 293.17 292.92 293.41 293.22 293.32 293.30 293.87 292.99 292.79 293.80 293.50
293.37 293.92 292.91 293.50 294.01 293.39 294.06 293.53 292.72 293.52 292.92 293.02 292.70 293.77 293.25 293.22 293.41 293.25 293.68 292.64 292.85 293.22 292.77 292.90 293.85 292.87 293.70 293.88 293.98 293.15 293.66 293.85 292.70 293.39 293.60 292.66 293.46 293.91 293.32 293.55 292.73 293.56 292.79 293.54 293.07 293.71 293.59 292.95 293.75 293.64 293.12 292.90 292.96 293.63 293.78 292.85 293.77 293.13 293.58 293.08 293.94 294.08 292.88 292.91 292.65 293.93 294.06 292.87 292.98 292.96 293.63 293.68 294.02 293.98 293.31 294.02 294.00 294.10 293.70 292.79 292.70 293.68 292.94 293.24 293.63 293.40 293.85 292.87 292.99 292.76 294.07 292.78 294.09 293.08 294.06 292.80 293.66 293.39 292.85 293.77 293.12 293.28 292.92 293.65 293.93 293.23 293.15 293.90 293.19 292.63 294.12 293.00 294.06 293.11 293.75 293.32 293.95 293.92 293.22 293.96 293.48 293.56 293.83 293.64 294.02 293.77 293.97 293.64 293.52 292.79 292.67 292.99 293.14 293.56 293.16 293.45 294.03 293.08 292.97 292.90 293.20 292.70 293.72 293.98 293.53 293.15 292.70 292.85 293.98 293.67 292.96 292.92 292.69 292.88 292.76 292.88 292.84 293.18 293.39 293.14
293.98 292.91 293.41 293.82 293.76 292.77 292.73 292.81 293.45 293.67 292.88 293.53 293.27 293.62 293.21 292.85 293.75 293.96 293.29 292.73 292.71 293.43 294.01 293.41 292.86 293.16 293.99 293.77 294.10 294.11 293.77 293.16 293.74 293.05 293.95 293.92 293.27 292.72 292.99 293.74 293.35 293.62 292.89 293.94 294.05 293.89 293.90 293.59 293.38 293.49 292.89 293.12 293.26 292.67 293.20 293.62 293.96 293.84 294.10 292.79 293.92 293.14 293.57 293.34 293.58 293.69 293.06 293.13 293.60 293.73 293.20 292.80 293.54 293.88 292.78 293.93 293.34 293.16 292.82 293.60 293.79 292.68 293.53 293.35 293.78 293.61 292.83 293.00 292.85 294.04 294.09 293.47 293.16 293.53 292.76 293.68 293.11 293.14 292.71 293.14 292.83 293.41 292.65 292.79 293.06 293.31 293.31 293.74 294.04 292.70 292.92 293.44 293.10 294.05 293.31 292.90 293.00 292.64 293.04 293.22 293.89 292.75 293.12 292.72 293.39 293.61 293.01 292.99 292.89 293.98 294.12 293.39 293.30 293.11 293.49 294.03 293.96 293.06 293.42 293.63 293.84 294.04 293.43 293.49 293.91 293.56 293.12 293.00 293.12 294.12 292.92 293.69 293.27 293.25 294.08 292.72 293.00 293.57 293.26 293.49
293.83 292.99 293.66 293.28 293.35 293.57 293.86 293.99 293.30 293.71 292.88 293.34 293.43 293.34 293.46 294.08 292.69 292.79 293.95 293.12 292.80 293.29 293.68 293.72 293.13 293.42 293.94 293.71 292.74 292.77 292.88 293.75 293.92 293.11 293.58 293.49 293.18 293.80 293.57 292.65 293.68 294.05 293.09 292.65 293.98 293.69 293.37 294.06 292.79 293.76 293.91 293.16 293.41 293.79 292.87 293.05 293.18 293.06 293.69 292.90 293.87 293.62 292.75 292.70 292.81 293.66 293.36 293.44 292.70 292.88 292.79 292.63 292.86 293.31 293.43 292.98 293.82 294.00 293.51 293.67 292.84 293.92 292.63 293.38 293.67 293.26 294.08 293.55 293.16 292.84 293.95 293.68 292.92 293.69 293.13 293.53 293.42 293.36 294.09 293.96 294.01 293.81 293.70 293.13 293.29 293.38 293.42 293.22 293.55 293.63 293.44 292.89 293.70 294.09 293.13 293.73 292.85 293.89 293.68 293.79 292.95 294.03 292.67 293.83 293.32 292.80 293.89 293.53 292.65 293.30 292.83 292.66 293.97 293.56 293.79 294.07 292.72 292.76 292.75 293.08 292.84 293.74 292.81 293.40 293.95 293.01 293.20 293.19 293.22 293.32 293.02 293.78 294.08 293.93 292.96 293.02 292.90 293.78 293.14 293.97
293.96 293.21 292.91 292.72 293.20 293.97 293.28 293.01 293.70 292.75 294.04 293.76 293.97 294.05 293.35 293.17 293.49 293.39 293.29 293.15 293.22 292.72 293.04 293.76 293.62 293.42 292.83 294.07 293.86 293.19 293.64 292.70 293.38 293.86 293.55 293.21 293.42 292.69 293.31 293.89 293.23 292.70 292.90 293.34 293.68 293.06 294.08 294.06 293.32 293.92 292.88 293.94 293.97 293.83 293.80 293.65 293.26 293.26 294.09 293.51 293.87 293.94 294.02 293.35 293.40 293.55 292.99 292.97 292.70 294.09 292.82 294.11 293.18 293.62 293.69 293.37 294.01 293.54 293.76 292.91 293.05 292.83 293.47 293.94 293.51 293.72 293.22 292.92 292.96 292.87 293.93 293.69 293.39 293.70 292.69 293.43 292.84 293.47 293.39 294.06 293.96 293.28 293.33 293.58 293.14 293.16 293.43 293.72 292.70 292.89 294.02 293.92 293.04 292.79 293.41 293.56 293.85 293.87 293.76 293.23 293.42 294.09 292.83 292.90 293.56 293.98 294.01 292.91 292.74 293.85 293.63 293.96 293.70 292.89 292.71 293.33 293.59 293.94 293.97 292.79 293.76 292.70 293.73 292.99 294.04 293.44 293.63 294.02 293.34 294.04 293.42 294.06 292.93 293.77 293.67 293.42 293.43 294.12 293.58 294.07
293.51 294.09 293.91 293.59 293.33 292.64 294.12 293.92 293.29 293.18 293.57 292.95 293.89 292.72 293.52 293.17 292.64 293.56 294.12 293.48 294.12 293.48 292.98 292.92 293.24 293.35 292.68 292.71 292.95 293.42 292.94 293.67 293.36 293.50 293.49 293.34 293.30 293.89 293.57 292.75 293.39 293.66 292.85 293.94 293.16 293.15 294.08 293.24 293.93 292.86 293.82 292.95 293.29 292.74 293.44 292.78 293.87 293.35 292.98 293.39 292.77 293.71 294.09 292.85 293.57 292.85 293.39 292.70 293.40 293.93 292.73 292.80 293.11 293.46 293.16 293.51 293.64 293.64 293.15 293.86 294.00 293.40 293.77 293.63 292.67 292.82 292.67 293.82 293.73 293.73 293.42 293.04 293.58 293.93 293.44 293.51 294.06 294.10 293.42 293.33 293.95 294.01 293.45 292.91 294.04 292.83 293.68 293.16 293.85 292.66 293.27 293.79 293.48 293.43 294.11 293.67 292.93 293.09 293.60 294.08 292.75 293.76 293.32 292.95 292.74 293.04 292.76 294.11 293.58 293.12 293.02 293.07 293.42 292.96 293.52 293.04 293.35 293.67 293.14 293.49 293.03 293.84 293.50 292.96 293.81 293.51 293.86 293.90 293.85 292.76 294.09 292.92 293.13 293.74 293.14 292.71 293.21 293.26 293.33 293.09
293.57 293.13 293.38 292.87 293.08 292.98 293.02 292.87 292.89 294.05 292.72 293.25 293.84 293.68 292.75 293.38 292.98 292.73 293.15 292.77 293.70 293.64 294.12 293.58 292.78 292.85 293.85 293.59 293.30 293.00 293.25 294.11 293.83 293.29 293.00 294.11 293.01 292.78 293.31 293.62 293.38 293.77 293.94 293.35 292.98 294.11 293.01 293.15 293.60 292.84 293.37 292.91 293.14 293.07 293.79 294.09 293.71 293.30 293.57 293.06 293.91 293.91 293.62 292.99 293.61 292.84 293.17 293.99 293.16 292.94 293.15 293.79 293.47 293.69 292.64 293.33 292.65 293.32 292.83 293.02 293.99 292.94 292.94 293.49 293.86 293.51 293.87 292.97 293.81 293.49 292.85 293.40 293.52 293.58 293.91 292.87 293.02 293.38 292.84 293.42 293.60 292.96 292.87 293.43 293.96 292.75 293.03 293.00 293.43 292.84 292.79 293.03 292.89 293.52 293.69 292.71 292.82 293.28 293.95 293.83 293.58 293.81 292.73 293.28 292.95 292.86 292.81 293.07 293.96 293.33 292.70 292.93 292.77 293.73 293.35 293.70 293.01 292.80 293.65 293.74 293.34 292.89 293.33 293.19 293.51 293.60 293.27 293.68 292.79 293.96 292.82 292.86 293.55 293.14 292.93 293.40 292.64 293.51 293.19 293.05
293.81 293.01 294.11 293.37 292.85 293.53 293.16 292.93 293.30 292.82 293.59 292.75 292.68 293.29 293.63 293.93 293.02 293.26 293.90 293.76 294.12 293.09 293.82 293.47 293.41 293.60 292.65 293.09 292.95 294.11 293.72 292.66 293.33 293.91 293.64 294.10 293.66 293.37 294.10 293.74 293.15 292.85 293.89 293.27 292.66 293.32 293.08 293.43 293.86 293.11 293.62 293.26 294.04 293.46 293.92 292.69 293.71 293.46 293.11 293.33 294.05 293.28 293.27 293.69 293.67 293.20 292.82 293.78 293.28 293.43 292.72 293.75 293.75 293.62 293.72 293.44 292.95 293.29 294.06 293.12 293.14 293.35 293.47 294.00 294.01 293.82 293.86 293.38 292.67 294.06 294.05 293.92 293.95 293.74 292.74 293.61 293.18 293.36 293.66 293.08 293.47 292.81 293.86 293.95 292.81 293.86 293.61 293.80 293.11 292.77 292.71 293.05 293.36 292.78 293.40 293.89 293.39 293.51 292.99 292.97 293.10 293.70 293.74 292.90 293.98 293.26 292.80 292.81 293.00 293.97 293.80 293.26 294.06 293.96 293.41 293.45 293.31 293.68 292.88 294.00 292.98 293.24 293.65 292.85 293.72 294.09 293.98 292.84 293.36 293.76 293.00 293.68 293.40 293.37 294.07 293.08 293.16 293.77 292.76 292.81
293.59 293.02 293.50 293.69 292.83 293.44 292.72 292.74 292.68 292.78 292.95 293.23 292.73 293.15 292.99 293.84 293.44 294.09 293.99 293.60 293.89 293.24 293.43 292.66 293.41 293.72 293.07 292.75 292.75 293.77 293.25 293.27 293.26 293.37 292.99 293.95 293.69 292.70 293.32 292.67 294.10 293.92 293.91 293.56 293.16 294.05 293.29 292.96 293.24 293.39 293.61 293.26 292.98 293.84 293.84 293.44 293.74 293.93 292.66 293.29 293.01 293.62 293.30 294.12 293.70 292.74 293.50 293.07 293.78 292.74 292.97 293.74 293.98 293.48 293.46 293.99 292.78 292.67 292.76 293.45 292.98 294.06 292.77 293.57 292.91 293.72 293.28 292.67 293.24 293.92 293.87 293.86 293.97 293.48 293.42 293.82 293.71 293.83 293.35 292.86 292.91 293.52 294.01 293.33 293.34 292.79 293.29 293.04 293.26 293.48 292.84 293.93 293.69 293.24 293.10 293.57 294.00 293.21 292.99 293.23 293.88 292.94 293.71 293.54 293.51 292.92 293.95 292.87 293.36 293.37 292.69 292.93 292.77 293.57 293.24 293.07 294.01 293.96 292.78 293.34 293.14 292.79 293.90 293.37 293.47 293.99 293.05 292.69 294.05 292.66 294.04 293.73 293.89 293.72 294.05 293.58 293.58 293.02 294.11 293.12
293.95 294.05 292.90 293.23 292.97 293.67 292.66 294.05 293.35 293.84 293.69 293.34 293.59 293.43 293.44 293.49 292.92 293.53 293.92 293.21 293.48 292.95 293.21 293.89 292.96 292.70 293.24 293.70 293.38 294.04 293.27 293.54 293.34 292.90 292.65 293.43 293.14 293.21 293.02 294.02 293.81 293.22 293.94 293.78 294.00 293.45 293.49 293.39 293.72 293.64 292.87 293.66 293.93 293.01 293.31 292.85 293.77 292.66 293.12 292.93 293.46 294.12 293.54 293.61 292.68 293.25 293.15 293.83 292.75 293.69 293.92 292.91 293.73 293.46 293.61 293.90 293.94 293.44 293.54 293.10 294.08 292.94 293.87 293.09 293.12 294.08 293.07 293.90 293.95 293.72 293.75 293.78 293.38 293.16 293.81 292.95 292.80 292.98 293.54 294.08 293.77 293.54 293.66 293.37 293.53 293.58 293.21 292.67 292.91 293.85 294.04 294.07 293.88 294.02 293.56 292.81 293.50 292.69 293.31 293.61 293.07 292.76 293.94 293.65 294.04 293.97 294.07 292.72 293.56 292.76 293.84 293.68 293.82 293.16 293.81 292.66 293.94 293.91 293.96 292.83 292.75 293.53 293.55 293.99 294.09 294.02 292.75 293.17 293.24 293.71 294.08 293.03 293.58 293.47 292.77 293.62 293.59 292.72 293.66 293.08
293.79 293.11 293.31 293.80 292.98 293.37 292.80 293.54 293.26 293.23 294.11 293.17 293.21 293.42 293.44 293.73 293.85 294.03 293.71 292.81 293.19 293.21 293.92 292.66 293.62 292.95 293.92 293.76 293.48 293.83 293.45 293.66 293.51 294.04 292.91 292.75 292.76 293.20 292.67 293.10 294.03 293.10 293.71 292.98 292.97 293.28 293.64 293.42 293.72 292.98 293.93 293.05 293.51 293.00 292.95 293.48 293.98 293.22 293.92 292.96 293.55 293.11 293.59 293.27 293.29 293.28 293.07 293.37 293.70 293.15 293.35 293.86 293.05 293.89 294.10 293.39 294.05 292.96 293.20 293.00 293.17 292.78 293.07 293.89 293.97 292.92 293.39 293.86 293.58 293.66 293.74 293.54 292.94 292.64 292.85 292.71 292.76 293.20 293.20 293.64 293.96 293.78 293.47 293.43 294.12 293.69 293.66 293.37 292.79 293.89 293.55 292.76 293.27 293.51 293.99 293.92 293.44 293.51 293.66 293.09 292.76 293.64 293.85 292.80 293.25 293.77 293.16 292.77 294.06 293.13 293.02 292.70 292.95 293.75 292.98 293.94 293.67 293.51 293.61 294.09 294.05 293.67 292.91 292.66 294.00 293.81 293.82 293.38 293.86 293.33 293.68 294.04 293.73 293.31 293.63 293.26 292.90 294.10 293.53 292.88
292.90 293.19 293.55 292.74 293.83 292.69 293.91 293.88 293.88 293.95 294.07 293.81 292.90 292.69 293.77 292.80 293.43 294.09 293.48 293.47 294.04 294.08 294.03 293.76 293.62 293.46 293.37 293.20 293.76 293.53 293.41 293.86 293.89 293.19 293.20 293.88 293.88 293.83 293.99 293.99 292.72 292.90 294.11 293.11 293.65 293.58 293.87 293.76 293.24 293.96 293.73 293.78 292.77 293.25 293.85 293.16 293.53 293.79 293.82 293.08 293.70 292.64 293.34 292.77 293.53 292.77 293.55 293.77 293.11 293.25 292.65 294.11 293.36 293.53 293.13 293.76 294.04 292.64 293.13 294.10 293.17 293.87 293.17 293.67 292.97 293.02 293.23 293.76 292.93 293.80 292.84 293.73 292.78 293.37 294.08 293.97 292.63 293.11 293.95 292.65 293.03 292.94 293.84 292.87 292.98 293.95 292.99 293.00 292.67 293.93 293.57 292.80 293.89 293.08 294.12 292.63 293.54 293.89 294.03 293.69 293.82 293.23 292.77 293.56 292.64 293.92 293.47 293.78 293.82 294.05 293.97 293.15 293.35 293.71 293.56 294.03 292.82 293.89 293.09 293.16 294.07 294.11 293.99 293.67 293.50 293.53 293.70 293.91 293.03 293.96 293.17 293.26 293.25 292.92 292.94 293.14 294.08 293.51 293.48 293.96
294.10 293.25 293.31 293.37 292.93 293.44 293.60 293.58 292.95 293.79 293.97 293.89 294.02 294.11 293.38 293.55 293.94 293.76 293.25 293.83 293.31 294.07 293.17 293.51 292.96 293.76 293.78 293.36 292.72 292.71 293.27 294.12 293.22 293.76 293.75 294.11 292.83 293.19 293.93 293.48 293.33 292.70 293.86 292.70 293.12 293.83 293.71 293.43 292.64 293.87 292.65 293.66 292.98 293.47 292.70 293.14 294.02 293.26 293.23 293.27 293.78 293.72 292.85 293.15 294.05 292.64 293.94 293.73 293.20 293.11 292.63 293.73 293.66 292.78 292.89 293.38 293.60 294.02 293.95 293.87 293.82 292.82 292.75 293.76 293.10 293.52 293.65 293.76 293.50 294.02 293.91 292.66 293.19 293.62 293.81 292.63 293.73 293.51 293.33 292.88 293.76 292.71 293.29 293.35 293.47 293.48 293.47 293.00 293.88 293.86 292.69 292.84 292.82 293.58 293.04 293.00 292.90 293.86 292.71 293.67 293.68 293.86 293.68 293.44 292.96 293.54 293.22 293.55 293.32 293.71 294.09 293.55 293.04 293.02 293.92 293.23 293.47 293.14 292.73 292.72 293.70 293.58 293.85 293.21 293.11 292.80 292.97 293.77 293.67 292.96 293.07 292.68 293.21 292.73 292.86 293.79 293.87 293.52 293.98 292.68
293.43 293.92 292.82 293.32 292.63 293.71 293.44 293.03 293.04 293.95 292.88 293.73 293.20 293.03 293.19 293.31 293.76 293.63 293.06 293.23 293.33 293.81 292.79 293.24 293.09 293.85 293.97 292.73 293.12 292.76 294.04 293.40 293.15 292.90 293.74 293.26 293.43 293.81 293.01 293.21 293.93 292.91 293.82 292.90 293.86 293.15 293.12 292.95 293.54 294.03 292.80 293.78 292.80 292.98 292.63 293.78 293.29 293.36 292.97 293.22 293.26 293.22 293.15 293.46 293.67 293.02 293.55 293.82 293.48 292.85 293.91 293.87 293.57 293.40 293.22 293.20 293.98 293.97 293.44 293.13 293.60 293.47 293.94 293.11 292.69 293.16 292.86 293.65 293.98 293.20 292.89 293.08 293.14 293.52 292.87 294.04 293.67 292.83 293.01 292.86 293.42 294.07 293.51 292.63 292.77 293.06 294.10 293.67 293.87 292.93 293.86 293.65 294.06 293.22 292.88 293.47 292.89 292.80 293.11 293.23 292.86 293.08 293.44 293.21 293.17 294.06 293.07 293.50 292.89 292.63 292.99 293.88 293.18 293.00 292.65 292.81 293.25 293.93 293.62 293.50 293.53 294.06 293.97 294.00 293.67 293.49 293.81 293.99 293.89 293.44 293.71 293.72 293.20 293.31 294.12 293.16 292.78 293.64 293.26 293.56
293.38 293.67 292.87 293.65 293.10 293.95 293.74 293.11 293.65 293.23 294.00 293.90 293.34 293.83 292.83 292.80 294.01 292.82 292.93 293.00 294.06 292.84 293.08 293.50 293.18 293.23 294.04 293.78 293.24 292.87 293.16 293.45 292.83 293.67 292.74 292.87 293.08 293.01 293.59 292.89 293.52 293.38 293.40 293.62 293.47 293.58 293.74 293.57 293.98 293.19 293.05 293.73 292.83 293.71 294.10 292.69 292.63 293.83 293.33 293.28 293.48 292.69 292.64 293.11 292.66 293.45 293.55 293.00 293.55 293.35 293.62 293.66 293.69 293.88 293.20 293.68 293.72 292.66 293.06 292.78 293.44 293.29 293.62 293.52 292.90 293.98 293.91 293.43 293.19 292.75 292.89 293.62 293.84 293.01 292.66 292.78 293.99 293.39 292.66 292.65 294.07 292.96 293.31 293.46 293.19 293.16 293.76 292.86 293.65 293.92 293.81 293.14 292.97 293.30 292.79 292.66 293.14 292.91 293.17 293.18 293.53 293.89 292.81 293.50 292.82 293.07 294.07 293.19 293.64 293.77 293.98 293.74 292.94 294.00 293.09 292.63 293.92 293.08 293.47 293.77 292.77 293.22 292.87 294.11 293.34 293.87 293.27 293.78 293.48 293.41 294.03 293.05 292.74 292.64 293.14 293.32 293.49 294.04 293.87 293.28
294.09 292.73 292.64 293.47 292.87 293.85 293.72 293.72 292.89 293.25 294.00 293.76 293.03 293.37 293.48 293.29 293.91 293.73 293.00 293.15 292.87 292.75 294.04 292.67 293.21 294.00 293.98 293.42 293.47 293.48 293.40 293.42 293.72 292.94 292.83 292.70 292.92 293.66 293.11 292.65 293.71 292.88 293.79 292.88 293.34 293.25 293.55 293.67 292.98 294.12 293.60 293.62 293.94 293.80 293.68 293.91 293.97 292.71 294.07 293.30 292.84 293.12 292.97 293.88 292.64 293.23 293.25 293.75 293.52 293.79 292.82 293.25 293.17 293.77 293.16 293.38 292.93 293.46 294.00 293.79 293.40 293.39 293.36 294.10 293.93 293.13 292.89 293.10 293.44 292.90 293.48 293.01 293.44 293.74 293.56 293.73 293.08 292.87 292.93 294.11 293.95 293.14 294.02 292.68 293.45 293.60 293.16 292.72 292.82 294.02 292.63 293.55 293.82 293.47 293.11 292.79 294.05 292.65 293.16 293.94 292.82 292.68 293.38 293.27 293.24 292.76 293.39 293.87 293.86 292.71 293.80 293.48 293.57 292.75 293.05 293.87 292.90 293.53 293.53 293.85 293.21 294.04 293.63 293.14 293.31 293.61 293.71 292.66 293.70 293.18 292.72 293.95 293.58 292.81 293.15 292.94 292.64 293.66 292.86 293.44
293.46 293.06 293.82 293.85 293.11 293.53 293.13 293.84 293.76 293.85 293.48 293.92 293.60 293.13 294.05 293.66 292.75 293.44 293.97 293.27 293.26 292.88 292.81 293.35 293.20 293.24 293.01 292.90 293.31 293.39 293.64 293.69 294.05 294.08 294.11 293.26 294.00 293.24 293.12 293.25 293.45 292.63 292.93 293.98 294.12 293.88 292.64 293.92 293.27 293.41 293.06 293.67 294.07 293.53 293.21 292.64 293.29 293.35 293.79 292.68 293.02 294.10 292.70 292.91 293.10 292.90 293.04 293.33 293.52 292.70 293.81 293.00 293.78 294.06 293.25 293.73 293.30 293.84 293.26 293.55 292.90 293.49 292.90 293.68 293.68 293.55 293.15 293.70 293.42 293.28 292.81 293.44 293.59 293.65 293.57 293.13 293.09 292.93 293.07 294.08 292.78 293.47 293.97 293.67 293.12 293.41 293.98 293.77 293.69 293.09 293.52 292.63 293.43 293.56 294.08 292.84 292.75 293.83 293.08 293.56 293.00 293.57 293.64 292.67 293.38 292.66 292.82 293.19 293.87 293.23 292.79 292.86 294.09 293.23 292.76 293.82 293.24 293.53 293.51 293.72 294.12 292.69 293.02 293.01 293.09 292.69 294.12 293.92 293.89 293.01 292.91 293.64 292.87 294.05 294.02 294.12 293.76 294.03 294.08 293.83
293.49 294.07 292.78 293.98 293.50 292.68 292.98 293.84 292.85 293.80 292.89 292.71 293.01 293.96 293.01 292.72 294.00 292.65 293.62 293.46 292.85 293.77 292.81 293.19 293.15 292.86 293.39 293.02 293.70 293.19 293.81 293.38 294.09 293.36 293.95 293.42 293.62 293.76 293.91 292.99 292.70 293.23 292.64 293.32 293.20 293.33 292.66 293.03 293.41 293.04 293.80 292.91 293.26 293.53 294.10 292.80 293.66 294.07 292.85 293.57 293.71 293.00 293.84 293.40 293.72 293.73 293.24 293.66 293.56 293.67 292.91 292.79 292.85 293.15 292.88 293.00 293.24 292.91 293.37 293.53 293.34 293.25 294.04 293.24 293.07 293.03 293.67 293.21 293.12 292.81 293.03 293.99 293.54 292.75 293.73 293.07 293.38 294.10 293.19 293.36 294.03 292.94 292.93 293.69 293.48 293.66 293.75 293.84 293.61 292.75 293.98 293.88 293.37 293.70 293.96 292.87 292.80 293.63 293.40 292.69 292.92 293.87 292.69 292.99 293.10 293.81 293.44 292.89 293.26 293.30 293.37 292.97 293.35 293.16 293.00 293.89 293.64 292.91 293.42 292.77 294.00 293.41 294.05 292.87 293.24 293.03 292.77 293.90 293.43 293.05 292.86 293.57 293.88 293.28 293.96 293.77 292.63 293.33 293.76 293.31
293.19 293.18 293.45 293.18 293.99 294.01 293.68 292.98 293.07 292.86 293.96 293.17 292.92 293.08 293.16 292.74 293.11 293.49 294.03 294.02 292.67 293.13 293.44 292.94 293.57 293.36 293.15 293.30 293.59 292.83 293.26 293.27 292.96 293.00 293.52 293.36 294.12 292.99 293.52 294.07 292.67 294.12 293.18 293.33 293.17 293.17 292.66 293.01 293.04 293.96 293.18 293.76 292.67 293.47 292.85 292.82 293.99 292.92 292.96 293.71 294.01 292.84 293.28 293.07 293.53 292.72 292.66 293.61 293.98 292.76 293.45 293.13 293.58 293.41 293.26 292.78 292.69 294.03 292.86 293.04 293.52 293.66 293.47 292.94 293.53 292.84 292.93 293.04 294.05 293.89 293.77 292.96 293.38 292.81 292.68 292.78 293.65 293.54 293.06 293.68 293.47 293.92 293.07 293.15 293.23 293.20 292.84 292.82 293.72 292.78 292.77 292.81 293.12 293.39 293.88 293.33 293.35 294.01 293.26 293.50 293.35 292.86 292.67 293.32 293.03 293.60 292.69 293.00 293.75 294.06 293.58 292.74 293.41 293.54 293.71 293.13 293.05 293.80 294.08 293.65 293.56 293.13 293.06 294.11 293.90 292.65 292.94 293.44 294.12 293.61 294.05 292.70 293.41 293.18 294.04 292.68 293.32 293.60 292.78 293.51
294.07 293.23 293.13 293.61 293.16 293.70 293.06 293.08 294.02 293.18 293.51 293.77 294.09 292.95 292.84 293.31 293.54 293.54 293.02 293.57 292.77 293.49 292.99 293.98 293.72 292.64 293.23 292.95 293.89 294.06 293.19 293.51 293.16 292.94 293.17 293.72 293.99 293.62 293.93 292.71 293.57 293.74 292.70 292.90 292.86 292.67 294.08 293.93 293.61 293.97 292.91 293.72 293.74 293.12 293.47 293.07 293.64 293.77 292.68 293.77 293.33 292.85 294.07 292.85 293.43 293.20 293.28 293.60 293.88 293.84 293.38 293.20 293.99 293.88 293.48 293.92 293.62 292.99 293.48 293.19 292.99 293.15 293.97 292.86 293.91 293.77 292.78 292.95 292.67 293.93 293.06 293.84 292.85 294.02 293.62 293.65 293.59 292.95 293.65 293.17 293.10 294.00 293.48 293.10 292.81 293.44 292.79 293.56 293.32 293.35 294.08 292.65 293.21 293.83 293.45 292.66 293.52 293.44 293.76 292.68 293.01 293.55 292.80 292.87 292.87 293.32 294.06 293.03 292.92 294.02 293.39 293.28 294.11 292.90 292.69 293.53 292.92 293.69 292.82 293.42 293.58 293.51 293.00 293.48 293.64 293.52 293.05 293.53 293.71 293.62 294.09 293.30 293.05 292.68 293.44 293.31 293.73 294.11 293.23 292.84
293.09 292.66 293.43 293.89 293.91 293.48 293.91 292.86 293.14 293.89 292.79 293.31 293.91 293.23 293.24 293.73 292.81 293.82 293.82 294.05 293.98 292.68 293.47 293.00 293.00 293.58 292.86 294.08 293.14 292.79 293.75 293.73 292.89 293.82 293.55 292.85 293.30 293.91 293.53 293.47 293.86 293.93 292.92 293.65 292.86 292.80 292.93 293.65 293.92 292.79 292.96 293.84 293.45 292.66 292.80 293.31 293.82 293.54 293.30 292.89 293.81 293.59 292.73 292.99 293.81 293.75 293.61 293.76 293.06 294.06 293.51 293.28 293.78 292.64 293.40 293.66 293.24 293.85 293.83 293.15 294.08 293.04 293.34 293.76 293.06 293.25 293.46 293.94 294.09 292.77 293.68 292.69 293.12 293.19 293.03 293.53 293.63 293.65 294.02 292.91 293.82 292.73 293.74 293.44 293.63 292.94 293.94 293.77 293.14 293.80 293.85 292.75 293.17 293.72 293.76 292.95 294.06 292.64 293.17 293.45 293.70 293.51 294.02 293.25 293.98 293.27 293.39 292.66 292.73 292.75 293.61 292.68 293.38 293.17 293.89 292.95 292.89 292.66 293.82 293.45 294.11 293.71 292.69 293.41 293.63 293.64 292.67 294.08 293.09 293.22 293.21 293.39 292.82 294.10 292.87 293.25 293.19 292.99 294.04 293.42
293.89 292.94 292.72 293.75 293.58 293.88 292.66 293.76 292.69 294.10 293.86 292.81 293.52 293.60 292.67 292.92 293.20 292.97 293.62 293.42 293.69 294.10 293.44 292.87 293.42 292.65 293.64 293.98 293.98 292.99 293.63 293.63 293.36 293.21 293.18 293.62 293.84 294.09 292.79 293.02 293.69 293.02 293.84 292.72 292.98 293.44 293.48 294.07 293.10 292.87 293.20 292.86 294.04 294.11 293.16 293.58 292.63 292.90 292.89 293.16 292.77 294.08 293.88 293.39 293.39 293.06 293.71 293.17 293.66 293.36 292.76 292.66 294.08 292.92 293.84 294.12 293.07 292.70 292.86 292.74 292.94 292.86 293.31 293.08 293.42 293.84 292.87 293.99 292.98 293.79 293.88 292.66 292.63 293.22 293.72 292.76 293.56 293.03 293.05 292.78 292.76 293.27 293.16 293.66 293.43 293.74 292.94 293.92 292.83 293.80 293.65 293.07 292.76 292.66 292.98 293.42 293.22 293.93 293.46 293.22 293.40 294.03 292.74 294.12 293.09 293.34 294.05 294.09 292.95 293.46 293.43 293.50 293.44 293.30 293.27 292.83 293.08 293.94 294.11 293.70 292.67 293.27 294.05 293.24 293.05 294.03 293.66 293.02 293.88 293.38 293.77 292.84 293.83 293.02 293.18 293.54 293.11 292.92 293.38 292.65
292.98 293.27 293.07 293.46 293.29 292.77 294.11 294.00 292.73 293.13 293.72 293.17 293.99 293.67 294.07 292.73 292.73 293.33 292.98 294.01 292.90 292.80 293.62 293.16 293.85 293.14 293.75 293.22 293.28 294.07 293.70 293.22 293.45 293.76 294.09 292.87 293.08 293.28 293.91 292.88 292.98 292.89 293.45 292.70 293.72 293.45 293.95 293.17 292.92 293.72 292.97 293.88 293.00 293.79 293.77 293.69 292.91 293.69 292.84 292.80 293.37 293.85 293.48 293.00 293.44 292.87 294.05 293.00 293.19 292.72 293.26 293.26 293.57 293.23 294.06 293.84 293.46 292.95 293.89 292.73 293.83 292.87 293.44 292.77 293.59 292.85 293.07 293.36 292.81 292.96 292.80 293.10 293.51 293.42 293.12 293.75 293.04 292.74 292.79 293.94 293.50 292.83 293.18 293.08 293.92 293.28 293.78 293.01 293.63 293.19 294.01 292.88 292.96 293.24 293.40 293.27 292.63 293.47 292.96 293.16 293.91 292.96 293.47 292.66 293.62 293.03 292.72 293.58 293.51 293.49 293.89 293.31 294.03 292.87 292.74 293.53 293.46 292.71 293.62 293.17 293.43 293.25 293.34 293.20 293.03 293.64 294.10 293.51 293.34 293.62 293.97 293.31 293.35 293.82 294.09 293.29 293.73 292.94 293.37 293.90
293.47 293.18 293.40 293.75 292.80 293.13 293.07 293.93 293.68 293.93 293.27 293.38 293.52 293.53 293.07 293.42 293.30 293.65 293.38 294.07 293.00 293.38 293.41 293.15 293.90 294.09 293.34 293.98 293.25 293.43 292.96 293.52 292.74 294.09 292.65 293.66 293.94 293.36 292.88 293.29 293.87 293.74 293.25 293.35 293.25 293.06 293.33 293.89 293.73 294.10 293.53 293.54 292.69 292.87 293.71 293.41 292.92 292.71 293.08 293.06 292.67 293.95 293.97 293.20 294.12 293.73 293.44 293.73 292.86 294.08 293.42 293.99 293.09 293.99 292.69 293.54 293.85 293.58 293.07 294.10 292.63 292.83 292.73 293.24 294.08 293.95 293.54 293.55 293.24 293.90 293.04 292.96 292.67 292.78 293.76 293.70 293.68 292.72 292.91 294.03 293.05 293.43 293.75 293.11 293.68 293.84 292.66 293.20 293.00 293.98 292.90 292.67 293.70 293.74 294.05 293.57 293.32 294.03 293.32 293.03 293.44 293.47 294.09 293.62 293.59 294.03 293.49 293.47 293.42 293.39 292.80 293.25 292.98 292.73 292.68 293.27 293.87 292.95 293.61 293.56 293.19 292.94 292.97 293.69 293.98 293.40 292.75 292.80 293.64 293.10 293.10 293.61 293.60 293.80 293.44 293.56 293.55 293.78 292.63 293.31
292.83 293.57 293.23 293.84 293.78 293.83 293.33 292.73 293.19 293.72 292.90 293.49 293.80 293.37 292.73 293.32 293.90 292.64 293.01 293.64 293.69 293.66 293.98 293.75 293.30 292.93 292.96 293.76 293.00 293.09 293.74 293.68 293.48 293.27 293.74 292.74 294.02 294.02 292.77 294.03 293.28 293.60 293.97 292.92 293.94 293.91 293.04 292.69 293.49 292.63 292.87 293.85 293.96 292.95 292.84 293.50 294.05 293.54 293.61 292.63 292.70 292.63 293.45 293.89 293.07 293.95 292.99 293.73 293.13 293.52 293.77 292.66 292.97 293.48 293.57 293.27 293.16 293.81 293.64 293.88 293.18 294.03 292.95 293.19 292.98 293.63 294.00 292.68 293.98 293.20 293.32 293.49 292.93 293.09 293.14 293.53 292.77 292.88 293.85 293.64 293.03 293.08 293.44 293.97 293.56 292.95 293.56 292.77 293.45 293.73 293.20 294.01 293.52 293.20 293.80 292.74 292.74 294.06 293.91 293.57 293.20 294.04 293.57 293.27 293.20 293.94 293.70 293.46 292.87 293.69 294.02 292.97 292.73 292.70 293.13 293.91 292.83 293.44 293.54 292.74 293.32 293.18 293.57 292.63 292.79 293.67 294.09 293.38 293.31 292.96 293.91 293.09 293.93 293.63 293.27 292.73 293.26 293.14 293.01 293.07
293.34 293.41 292.91 293.27 293.21 293.00 292.96 292.76 293.11 292.83 292.69 292.94 293.77 292.95 292.88 292.64 294.03 293.27 293.75 292.89 292.68 293.29 293.31 292.92 293.60 293.58 293.52 293.50 293.53 292.80 293.59 293.05 293.34 293.92 293.43 293.68 292.74 293.39 293.19 292.78 293.75 294.02 293.52 293.77 293.49 293.59 294.09 293.07 293.12 293.69 293.03 293.40 293.80 293.43 292.71 294.00 293.30 293.02 293.85 292.65 293.43 293.47 293.57 293.11 293.38 293.97 292.81 293.48 292.79 294.00 293.03 293.80 293.75 292.96 292.78 293.51 292.74 294.07 293.49 293.35 294.05 293.46 293.57 293.47 293.72 292.80 292.71 293.96 292.70 293.33 293.39 293.50 292.83 293.00 293.85 293.00 294.10 293.77 293.53 293.05 292.71 292.76 293.25 294.10 293.27 292.89 293.75 293.72 293.13 293.02 292.67 294.04 293.00 293.10 293.87 294.00 292.91 293.95 293.66 293.42 292.67 293.35 292.69 292.81 294.01 292.77 293.69 292.86 293.06 293.20 292.94 293.90 292.78 293.46 292.90 292.92 293.33 293.73 293.07 294.02 293.07 292.68 293.85 293.00 293.78 293.03 293.27 293.53 293.78 292.97 292.69 292.77 293.71 293.68 293.89 293.61 293.49 294.02 292.78 293.92
293.37 293.69 293.89 293.77 293.56 293.94 292.83 293.69 292.99 293.63 293.14 293.44 293.27 293.09 293.74 293.07 292.79 294.01 293.85 293.37 293.60 293.32 294.10 292.97 292.89 293.22 293.64 293.94 293.87 294.11 293.30 292.71 292.71 293.74 293.78 294.01 293.07 293.05 293.39 293.97 293.63 293.73 292.98 292.64 293.09 292.67 293.19 292.75 292.93 293.44 293.68 294.05 294.11 292.74 292.64 292.73 294.12 293.36 292.66 293.40 292.98 292.75 294.09 294.05 292.83 294.09 292.81 292.91 293.84 293.02 293.40 293.63 293.04 293.05 293.37 293.35 293.52 293.19 293.90 292.91 293.94 293.91 293.19 293.30 292.89 293.50 293.30 293.77 293.31 293.48 293.38 293.35 293.23 294.02 293.44 293.38 292.99 293.82 293.19 293.13 293.94 293.44 292.92 292.79 293.56 293.30 293.40 292.71 293.03 293.93 292.66 293.77 293.12 294.12 293.83 293.40 293.90 293.21 293.18 293.98 293.17 292.66 292.80 293.78 294.12 293.39 293.25 293.74 293.07 293.57 293.98 293.60 293.80 293.85 293.03 294.12 293.24 294.02 294.04 293.62 292.68 293.89 293.62 293.85 293.81 293.96 293.00 293.17 292.75 292.67 293.57 293.60 293.59 293.38 293.38 293.05 293.47 293.69 293.92 292.66
293.38 294.09 292.64 293.96 292.69 293.55 292.96 293.16 293.28 292.94 293.80 293.89 293.54 293.12 293.17 294.05 293.67 292.88 294.04 293.16 292.77 292.95 293.08 293.76 293.13 293.76 293.66 293.58 293.20 292.73 293.94 293.34 292.98 294.01 294.01 293.27 293.71 292.94 293.45 293.54 293.57 293.83 293.03 293.17 293.22 293.60 293.66 293.01 293.15 293.40 294.11 293.15 293.21 293.94 293.65 293.42 293.91 293.92 292.94 293.22 293.76 293.12 293.50 292.66 293.04 293.64 292.96 293.65 293.66 293.83 293.43 292.77 293.94 293.44 293.37 293.31 293.67 293.71 293.89 292.86 293.16 292.82 292.90 293.27 292.81 293.55 293.62 292.83 294.11 292.89 293.15 293.92 293.47 293.38 293.79 293.09 293.01 293.16 293.02 292.91 294.05 293.21 293.22 292.66 293.53 294.08 294.11 292.63 293.26 293.17 293.99 293.80 292.91 293.30 293.46 292.74 294.08 293.40 293.83 293.40 293.61 292.80 293.94 293.60 294.09 294.07 293.99 293.24 292.66 293.41 294.00 292.64 293.32 293.18 293.97 293.28 293.32 293.89 293.55 293.70 293.66 293.61 293.51 292.67 294.11 293.44 293.99 293.00 293.88 292.80 293.95 292.88 293.83 293.43 294.03 293.17 293.09 293.62 293.27 293.50
292.73 292.96 293.06 293.14 293.44 293.71 293.15 294.06 293.75 293.27 293.14 293.15 293.22 293.21 294.01 292.73 294.04 293.49 293.19 292.94 292.82 293.71 293.87 293.15 292.88 293.72 293.71 293.20 293.22 293.10 294.02 292.94 293.28 293.30 293.66 293.53 293.00 293.65 294.02 293.33 294.05 293.73 293.23 293.95 294.01 294.00 292.73 293.32 292.73 293.54 292.88 293.17 293.77 293.58 294.09 293.27 293.26 293.34 292.87 293.28 294.12 293.06 293.02 293.36 293.24 292.67 293.00 293.21 293.58 293.79 293.64 292.68 293.70 293.46 292.68 293.11 292.84 292.90 292.94 294.08 292.75 293.88 293.29 294.02 292.89 293.17 293.31 293.83 293.13 294.05 293.24 293.10 293.66 294.05 293.39 293.43 292.89 293.02 293.12 292.82 293.92 294.03 293.55 293.94 292.96 293.74 293.20 293.74 293.39 293.63 293.96 292.92 293.80 293.57 293.27 293.72 292.98 292.80 292.66 293.63 292.88 292.99 293.56 293.64 294.02 293.34 292.80 293.74 294.11 294.06 293.54 293.05 292.86 293.52 293.23 292.93 293.35 293.06 293.18 293.28 294.06 293.46 293.94 292.84 293.70 293.56 293.91 292.71 293.85 293.76 293.38 293.34 293.28 293.90 294.12 293.53 292.78 293.02 293.79 293.10
292.79 293.85 293.40 293.40 292.90 293.85 292.77 292.65 293.25 293.35 293.74 293.57 292.78 293.58 293.95 293.84 293.04 294.11 293.22 294.04 293.42 293.90 293.63 293.26 293.25 293.11 293.32 292.87 294.04 294.08 293.92 293.88 293.11 293.95 292.63 293.40 294.00 293.25 294.01 293.28 292.91 293.79 293.20 293.37 292.98 293.45 292.92 292.66 293.49 293.35 293.33 293.72 292.94 292.86 292.95 294.09 292.89 293.43 292.97 293.45 292.75 293.59 293.81 293.14 294.01 293.81 293.01 293.90 293.95 293.20 293.58 293.22 293.13 293.51 292.67 292.86 293.18 293.50 293.06 292.84 293.09 293.04 293.65 293.65 293.47 293.55 293.56 294.01 293.01 293.94 294.04 293.65 293.95 293.33 293.49 292.88 293.61 292.96 293.05 293.54 293.75 292.74 293.71 293.83 293.05 293.33 293.38 293.72 293.85 293.25 293.64 292.75 293.60 293.53 293.42 294.03 293.79 293.22 293.82 292.63 294.06 292.82 293.16 294.09 292.76 292.73 292.84 292.71 293.56 293.40 293.14 292.93 293.61 293.50 292.94 293.77 293.53 293.40 292.65 294.11 293.48 293.38 293.46 293.26 294.06 293.47 293.92 292.97 293.16 293.58 293.18 294.09 293.47 293.26 294.12 293.27 292.81 292.93 293.03 292.74
292.64 293.90 293.67 293.67 292.76 293.37 293.93 294.02 293.67 293.87 293.48 293.88 293.17 293.20 292.78 293.51 293.26 293.36 293.74 292.86 293.79 292.90 293.31 293.00 294.07 293.37 292.69 294.09 292.92 293.02 293.84 293.97 293.82 292.90 292.65 293.23 293.89 293.73 293.18 293.50 293.39 292.91 293.38 293.60 293.87 293.93 293.08 293.75 293.65 293.70 293.26 292.79 293.63 292.97 294.02 293.72 292.65 292.65 293.38 292.85 293.32 293.97 293.29 293.67 292.89 293.66 294.03 293.26 293.80 293.82 293.51 294.10 292.70 293.08 292.99 293.19 293.02 294.04 293.14 293.70 293.44 293.64 293.87 292.70 293.26 293.60 294.11 293.77 293.76 292.64 293.53 293.42 293.04 293.25 293.68 294.09 293.39 293.79 293.04 293.65 293.35 293.87 293.36 292.96 293.60 293.75 293.58 292.71 293.28 293.86 292.71 294.01 292.65 293.97 293.36 293.54 293.25 293.62 293.46 293.16 293.25 293.50 293.71 293.56 293.01 292.63 293.83 292.99 293.47 293.52 293.68 293.92 293.38 293.85 293.12 293.42 293.25 292.80 292.85 293.67 292.82 292.77 293.75 293.89 293.17 293.50 293.83 292.86 294.00 292.74 292.73 293.76 293.33 293.55 293.46 292.79 293.36 293.88 292.80 293.71
293.31 293.76 293.11 292.68 293.73 294.07 294.09 292.65 293.46 292.75 292.84 293.39 292.83 292.72 293.90 292.79 293.95 293.68 292.81 292.71 293.86 294.08 294.12 293.28 293.73 294.04 292.82 292.73 293.90 293.98 293.26 294.07 293.28 293.85 292.94 293.98 292.87 292.73 293.52 293.22 293.31 293.36 293.31 293.64 293.49 293.70 293.40 294.12 293.72 293.70 293.95 293.45 293.51 293.60 293.54 293.14 293.13 293.26 293.81 292.80 292.65 293.75 293.18 293.80 293.72 292.66 293.46 292.78 293.35 293.68 292.70 293.93 293.08 294.11 292.69 293.56 293.27 292.66 292.71 293.26 292.75 294.07 294.07 293.00 292.73 292.96 293.28 294.07 293.97 293.73 293.87 293.85 293.21 293.67 293.84 293.39 294.01 293.83 293.18 292.92 293.68 293.14 293.01 293.98 293.21 293.92 292.63 292.66 293.25 293.92 293.90 293.09 293.46 292.92 293.11 293.79 293.55 293.23 293.05 293.94 293.28 294.12 293.52 293.77 292.71 292.73 293.64 293.81 292.96 293.54 293.10 293.34 293.34 293.61 292.96 292.87 293.67 293.50 293.85 293.65 293.29 293.95 293.29 293.59 293.51 292.74 294.04 293.19 294.04 293.57 293.11 294.05 293.32 293.55 292.90 293.41 293.72 293.41 293.81 293.59
293.55 293.60 293.79 294.03 293.43 293.15 294.04 293.13 292.64 293.11 293.58 293.78 294.07 293.05 293.60 293.92 293.14 293.93 292.78 292.97 292.80 292.69 293.99 293.95 292.76 293.24 293.30 293.93 292.64 294.07 293.09 292.87 292.88 293.82 293.52 294.06 292.63 293.75 293.90 294.01 292.81 292.84 293.37 292.63 293.33 294.02 293.16 293.31 292.82 293.75 293.09 293.57 292.83 292.87 292.72 292.96 292.92 293.26 292.71 292.65 293.36 292.98 293.68 293.83 293.77 293.04 292.63 292.72 292.63 293.42 293.75 293.13 292.68 293.01 293.83 293.07 293.77 293.18 293.28 293.41 293.10 293.80 293.17 292.99 292.96 292.89 293.37 293.95 293.60 293.92 293.52 292.92 293.90 293.62 293.90 293.02 293.73 293.42 293.11 294.01 293.60 292.98 293.84 292.67 293.85 294.09 292.82 293.53 293.90 292.78 293.58 293.40 293.46 292.92 293.02 293.52 292.86 292.92 293.07 293.86 293.72 294.04 293.85 292.77 293.04 293.22 293.59 293.48 292.69 293.58 293.23 293.71 292.85 294.01 293.50 293.40 293.66 293.15 293.19 293.07 292.93 293.88 292.93 293.75 293.34 293.19 293.61 292.69 293.19 294.04 293.71 293.62 293.05 293.18 292.98 292.99 293.17 293.32 293.81 293.86
293.11 293.18 294.00 293.57 293.40 293.34 293.04 292.69 292.84 293.95 293.63 293.92 293.67 293.34 294.12 293.68 292.64 292.66 292.70 293.19 293.62 293.19 292.85 293.76 294.09 293.57 293.50 292.70 293.98 292.80 293.87 294.10 292.97 293.85 293.31 294.02 293.13 293.55 293.79 293.53 294.11 292.67 293.79 293.17 292.77 293.69 292.65 293.03 292.80 293.85 293.10 292.87 293.14 293.69 292.72 293.26 293.40 292.99 294.06 292.70 293.73 293.13 292.66 293.80 293.70 293.69 293.70 293.92 294.10 292.78 293.88 293.59 293.36 293.03 294.11 293.24 293.20 293.91 293.81 292.67 293.87 293.53 293.50 293.19 292.97 293.32 294.07 293.07 293.41 293.65 292.79 293.85 292.70 293.36 292.66 293.59 293.68 293.09 293.58 293.62 294.11 293.13 293.31 293.44 293.54 293.30 293.88 293.10 292.88 293.80 294.04 293.08 292.86 293.81 293.29 292.64 293.88 293.98 293.26 292.94 293.66 293.21 293.67 292.75 293.20 294.11 293.42 294.02 293.30 292.77 293.90 292.96 293.92 292.95 292.65 294.06 294.11 293.15 293.95 293.03 292.92 293.15 292.84 292.79 293.49 293.49 293.24 293.94 292.66 294.03 293.88 293.16 293.96 293.65 293.30 293.77 294.07 293.16 292.67 293.22
293.56 293.12 292.94 293.71 293.21 293.87 293.88 294.06 293.89 293.97 293.82 293.80 293.41 292.68 292.92 293.39 293.42 293.15 294.11 293.04 292.84 293.37 293.63 293.34 293.12 293.63 293.46 293.18 294.02 292.83 293.97 293.26 292.77 292.67 292.70 293.75 293.35 294.04 293.21 293.44 293.08 293.56 293.41 293.51 293.88 292.73 293.22 292.99 293.66 293.56 294.07 292.76 293.07 293.56 293.16 292.70 293.91 292.77 293.76 292.83 293.15 293.75 293.69 293.01 293.10 293.17 293.05 293.09 293.05 293.82 294.09 292.83 293.16 293.12 293.49 293.46 294.03 293.17 294.09 293.79 293.37 294.05 293.96 293.38 293.71 293.27 292.88 293.00 292.78 294.11 292.90 293.37 293.13 293.44 293.95 292.89 292.68 294.05 293.51 293.05 292.67 293.98 293.28 293.97 293.18 293.05 293.00 293.59 292.87 293.12 293.81 293.80 293.24 294.12 293.57 294.10 293.28 293.92 292.74 294.12 292.68 293.69 293.04 292.70 293.27 293.28 292.69 293.30 293.18 292.88 293.15 293.82 293.85 292.87 293.85 292.69 292.72 293.73 294.05 292.75 293.80 293.66 292.94 292.85 294.02 293.76 292.66 293.06 293.38 293.83 292.80 293.83 293.17 293.98 293.83 293.57 293.62 293.90 294.01 292.97
293.59 294.06 293.51 292.86 293.38 293.98 294.12 292.85 293.56 293.20 293.97 293.69 293.88 293.44 293.09 292.95 293.45 293.79 293.64 293.33 293.05 292.65 293.92 293.42 294.00 293.30 293.84 293.78 293.11 293.00 293.37 293.68 292.78 293.73 293.87 293.72 293.96 292.63 293.15 293.03 293.84 293.60 294.10 293.82 294.12 292.96 293.13 292.69 293.98 293.55 292.91 292.86 293.56 293.12 293.72 293.62 292.77 293.47 293.29 293.55 293.46 293.62 292.78 292.66 293.05 293.07 293.02 292.66 293.25 293.76 293.48 293.23 293.25 292.77 294.00 293.10 293.42 293.69 293.24 293.78 293.46 292.79 294.02 292.78 293.21 293.12 293.41 292.87 293.65 293.81 293.57 293.34 293.10 292.76 293.26 293.17 293.00 292.89 293.22 293.21 293.80 294.11 292.76 293.78 293.38 293.68 293.12 293.72 293.09 293.21 293.19 293.41 293.16 292.84 292.74 294.00 292.64 293.81 293.91 294.08 292.96 293.67 293.25 292.76 293.59 292.71 293.92 294.10 292.64 293.88 293.20 292.67 293.39 292.76 293.22 293.43 292.68 293.70 293.68 292.66 292.76 293.18 293.49 293.19 294.01 293.34 293.66 293.66 293.40 293.62 292.93 293.20 294.00 293.08 292.94 293.02 293.76 293.23 292.98 293.79
293.51 292.83 294.11 293.17 293.69 292.63 293.29 293.94 293.24 293.24 293.15 292.99 292.83 293.88 293.02 292.99 292.97 292.88 292.70 293.86 293.00 293.14 292.77 293.23 292.82 293.59 293.61 294.01 293.93 293.49 293.30 292.63 294.11 293.65 292.98 293.66 293.09 293.46 292.99 293.64 292.91 292.86 292.97 292.66 294.08 292.88 294.07 293.95 294.04 293.31 292.74 292.69 293.46 293.06 293.87 293.12 293.88 293.10 294.00 292.84 293.54 292.99 293.55 293.64 293.53 293.09 292.87 293.00 293.88 292.70 292.70 293.71 293.96 293.51 293.47 293.65 293.87 293.36 293.98 293.73 293.91 293.61 292.75 293.42 293.16 292.77 293.00 293.09 294.08 293.56 293.36 293.40 293.06 293.21 293.35 293.67 292.88 293.34 293.27 293.28 293.90 293.00 293.61 293.93 292.99 293.92 292.90 292.84 293.75 293.41 293.63 293.54 293.53 294.06 293.60 292.68 292.94 293.58 292.73 293.10 293.17 293.74 294.04 292.96 293.99 293.27 293.63 292.64 294.07 293.21 293.89 292.70 293.24 293.99 293.44 293.10 293.60 293.73 292.69 293.99 293.04 293.05 294.12 293.89 293.10 292.70 293.35 292.74 292.80 293.35 292.78 293.96 293.22 293.32 294.09 292.82 294.07 292.96 294.02 293.08
292.97 293.00 293.91 293.79 292.99 293.50 292.65 293.43 293.23 293.26 293.93 293.62 293.10 293.03 294.04 293.42 294.04 293.59 293.95 294.10 294.09 293.96 293.60 293.48 293.10 293.44 293.97 292.63 292.64 292.96 293.50 292.98 292.64 294.03 292.88 293.62 293.46 293.87 293.89 293.30 293.19 293.10 293.04 292.87 293.00 293.44 293.92 292.96 293.44 293.44 293.24 293.24 293.88 293.26 293.94 293.86 293.09 293.71 293.08 293.49 292.89 293.51 292.88 293.72 293.53 294.08 293.85 293.09 292.72 293.22 293.78 293.79 293.28 292.85 294.11 293.54 293.89 293.98 293.24 292.95 293.81 292.74 294.08 294.01 293.04 293.93 293.79 293.12 293.49 293.98 292.74 293.94 293.56 292.74 293.40 293.83 293.94 293.65 293.19 292.84 292.92 293.14 293.26 293.80 292.91 292.74 293.15 293.25 292.63 293.39 292.93 293.38 293.83 292.97 292.73 293.29 293.33 293.85 292.92 293.85 294.11 292.76 294.01 293.58 292.88 293.19 292.98 294.06 293.53 293.25 292.96 292.84 293.19 293.11 293.48 293.71 292.88 293.39 292.93 293.02 292.77 293.61 294.00 292.95 293.20 293.20 293.37 293.16 293.11 293.32 293.62 292.75 293.22 293.68 292.88 292.91 293.71 293.08 292.95 293.40
293.58 294.11 293.34 293.32 293.16 293.67 293.44 293.52 293.07 292.73 293.41 293.54 293.49 293.55 293.80 292.78 293.14 293.19 293.88 293.86 293.52 294.10 293.46 293.46 292.87 293.69 293.18 292.74 293.54 293.49 292.94 292.82 293.63 293.74 293.81 293.57 293.49 293.22 294.06 293.35 293.97 293.08 293.99 292.64 292.99 292.75 293.17 292.79 293.59 292.66 293.18 292.91 293.72 293.62 293.68 293.75 293.59 294.08 293.67 293.78 292.90 293.61 293.16 293.85 294.12 293.98 293.32 293.73 292.86 293.19 293.06 294.07 293.53 293.75 293.60 292.89 293.25 293.75 294.09 292.77 293.50 294.01 293.70 294.01 293.88 293.47 292.96 294.01 292.65 294.02 294.12 292.63 292.90 293.80 293.42 293.83 293.30 293.32 294.05 292.71 293.18 293.58 292.81 293.99 292.67 293.83 294.01 294.08 293.53 292.63 294.09 293.95 293.20 294.01 293.91 294.05 293.44 293.64 294.11 292.68 293.94 292.93 292.95 292.88 292.67 293.56 294.08 293.13 293.36 293.83 292.92 293.84 292.86 293.06 294.08 293.86 293.86 292.89 293.99 293.69 292.76 292.67 293.98 293.47 293.52 292.86 292.67 292.63 293.46 292.78 293.47 293.73 293.59 293.46 293.02 293.64 292.84 293.35 294.04 293.49
293.34 293.15 293.52 293.03 292.79 294.07 293.53 293.90 294.05 292.77 293.97 293.82 292.70 293.58 294.05 293.54 293.40 293.93 293.99 292.89 293.70 293.39 293.41 293.93 293.33 293.69 292.74 292.94 293.03 293.20 292.97 293.14 293.48 293.57 293.44 293.15 292.94 293.63 293.23 293.09 292.77 292.99 293.04 293.14 293.52 293.17 293.12 293.96 292.67 293.30 293.88 293.74 292.96 293.46 293.24 293.25 293.75 293.10 293.94 293.69 292.91 293.25 293.33 292.87 293.07 292.83 293.10 294.09 293.76 293.70 292.80 292.92 293.04 293.30 293.99 293.45 293.73 293.78 292.87 293.50 293.22 293.73 293.25 293.83 293.40 293.56 293.68 293.49 293.50 293.73 293.34 293.20 293.97 294.05 293.11 293.68 293.29 293.29 292.96 293.00 293.52 292.84 293.98 293.14 292.98 293.27 294.09 292.98 293.05 293.89 293.80 292.75 292.98 293.39 293.19 293.52 293.49 293.40 292.77 293.39 293.74 294.04 293.37 293.42 293.12 293.37 293.80 293.96 293.73 293.59 293.84 293.53 292.96 292.86 292.66 293.74 292.99 293.69 293.60 292.77 293.93 293.18 293.68 294.11 293.11 293.74 293.67 292.86 292.84 293.76 293.04 293.37 292.72 292.76 293.11 294.04 293.41 294.02 293.80 293.98
293.07 293.82 293.69 293.98 293.35 293.89 292.79 293.58 294.07 293.47 293.16 292.68 293.35 294.00 293.56 293.37 293.81 293.79 293.43 292.66 293.21 293.81 293.65 293.39 293.35 293.06 293.25 292.99 293.23 293.40 292.63 293.11 293.35 293.90 292.81 293.82 293.01 293.32 293.97 293.22 293.28 293.17 292.83 293.43 293.72 293.63 293.22 292.93 292.76 293.23 293.30 293.16 292.84 293.77 293.62 292.70 292.97 293.81 293.82 293.81 293.02 293.32 292.90 293.84 293.27 294.06 292.92 293.01 294.06 294.05 292.73 293.97 293.58 293.84 293.69 293.02 292.73 294.11 294.04 293.70 293.86 293.33 293.60 293.90 293.86 293.48 293.59 293.82 293.21 293.20 293.64 292.90 293.48 293.13 293.49 293.81 292.91 293.86 293.41 292.99 293.58 293.68 293.54 293.65 293.48 294.12 293.08 292.85 292.77 293.39 292.97 293.05 292.85 292.91 294.02 293.78 292.79 292.66 292.77 293.33 293.73 293.98 293.13 293.23 294.08 293.82 293.12 293.18 292.76 293.70 292.83 293.70 293.71 292.99 292.71 293.61 292.76 293.89 293.72 293.36 292.74 293.35 293.51 293.88 293.27 293.91 293.00 293.89 293.16 293.16 293.59 293.66 292.64 293.56 292.63 294.09 293.91 293.99 293.19 293.53
293.84 293.84 293.50 293.64 294.06 293.43 293.13 293.86 293.24 292.79 293.49 293.64 293.32 293.01 293.19 293.29 292.78 294.10 293.53 293.00 293.81 293.61 293.81 294.03 293.22 293.32 293.95 294.00 292.90 292.87 293.60 293.92 293.38 293.79 293.94 292.76 293.95 293.39 292.91 292.64 293.62 293.01 293.91 293.34 293.43 293.42 293.81 292.74 293.24 292.66 293.85 293.49 293.12 294.00 292.88 293.35 293.95 293.84 292.63 293.22 292.84 293.12 293.94 293.94 293.37 292.83 293.08 293.53 293.75 293.95 292.97 292.75 292.67 293.37 293.89 294.06 293.15 293.41 293.10 292.80 293.66 293.01 293.82 293.39 293.17 292.92 294.02 293.02 293.27 292.69 293.12 293.37 294.00 293.67 292.97 293.01 293.59 293.30 293.19 293.47 293.45 293.64 294.08 293.05 294.11 294.06 293.26 293.76 293.83 293.53 293.40 292.84 294.02 293.81 293.15 293.65 292.80 293.99 293.06 292.73 293.84 292.67 293.94 293.83 293.22 293.62 292.83 293.68 292.94 293.80 293.69 293.82 293.36 293.80 292.75 294.03 293.43 293.23 292.66 293.42 294.05 293.34 292.91 293.57 293.71 293.35 292.80 293.57 293.88 293.07 292.68 293.99 292.67 293.65 293.91 293.94 293.06 293.38 293.61 292.79
293.93 293.12 293.87 293.91 292.81 293.97 293.71 292.85 292.81 292.80 293.93 294.07 293.15 293.13 293.25 293.42 293.84 293.06 293.34 293.89 294.03 293.83 293.52 293.54 292.92 292.68 293.35 293.48 293.19 292.97 293.98 293.77 293.92 293.62 292.86 293.88 292.96 292.85 292.71 293.02 293.25 293.45 293.88 293.82 292.85 293.98 293.63 293.57 293.87 293.10 292.81 292.89 293.66 292.69 293.79 293.27 293.49 293.40 293.49 293.25 292.74 293.67 293.62 293.04 294.07 292.97 293.05 292.79 292.67 292.93 292.89 293.55 293.84 292.94 293.32 293.90 293.06 294.04 293.88 293.45 293.56 293.18 293.95 292.71 294.09 293.51 293.66 293.06 292.70 292.93 293.39 293.88 292.84 293.22 293.59 293.80 293.93 293.55 293.25 294.10 292.67 294.02 294.03 294.06 293.85 293.97 293.61 293.17 293.25 293.87 292.73 294.01 292.98 293.50 292.88 293.55 293.01 293.12 292.71 293.58 293.46 292.67 293.13 292.96 294.11 293.74 293.77 292.79 294.03 293.50 292.68 292.81 293.01 292.76 292.82 292.81 293.72 293.39 292.82 293.39 293.94 292.64 293.61 293.81 293.98 292.74 293.24 293.43 293.40 294.03 292.71 293.43 292.65 293.12 293.29 293.48 293.35 293.77 293.72 292.75
293.42 292.91 293.33 294.01 293.45 293.33 292.87 293.87 292.80 292.71 293.74 292.94 293.64 292.86 292.69 293.93 293.34 293.68 293.57 292.90 293.16 294.02 292.85 293.51 292.90 293.31 293.67 293.65 292.82 293.81 293.36 293.28 293.41 292.83 293.66 294.02 294.00 294.05 292.81 293.48 293.85 293.19 293.28 293.76 293.16 293.90 293.10 294.09 292.68 293.62 292.88 293.41 293.48 292.77 293.08 293.43 292.97 293.98 293.02 293.93 294.00 293.51 292.77 293.66 293.74 293.27 293.25 293.26 294.11 293.44 293.97 293.81 294.00 293.28 293.78 292.68 293.97 292.66 293.77 293.78 293.41 293.20 293.76 293.67 293.48 293.59 293.64 293.66 293.21 292.80 293.63 293.91 292.97 292.76 293.60 293.06 292.87 293.37 292.70 293.36 293.08 292.94 293.72 293.99 293.28 292.98 292.95 293.71 293.09 293.81 292.69 292.82 292.93 293.08 293.58 293.52 292.79 293.80 292.95 293.30 293.63 293.04 292.88 293.97 293.56 293.53 292.89 293.55 293.49 294.06 293.37 293.54 293.68 293.33 294.04 293.37 293.48 293.42 293.39 293.71 292.83 293.86 293.60 292.82 293.64 293.13 292.97 293.28 292.68 292.96 294.10 292.67 292.78 293.92 293.65 292.70 294.05 293.22 293.72 293.39
293.27 292.72 293.67 293.45 292.96 292.74 293.45 293.59 293.22 293.18 293.00 292.87 293.20 293.32 292.87 292.82 293.00 292.81 293.38 293.44 293.13 294.06 293.21 293.80 294.01 293.24 293.62 292.99 292.98 292.81 292.98 293.82 293.14 293.86 292.66 293.62 292.94 293.73 292.88 293.11 293.72 292.89 293.95 293.39 293.44 294.01 293.21 294.09 293.40 293.58 292.65 294.00 293.53 293.09 293.50 293.76 293.59 294.10 294.01 292.96 293.85 293.35 293.32 293.22 292.85 292.64 293.84 293.84 293.63 293.90 293.86 293.95 293.10 292.74 292.68 294.04 292.82 293.51 293.60 293.72 293.69 292.81 293.06 294.10 292.69 293.03 293.47 293.32 293.99 293.47 293.74 293.68 292.90 293.14 292.83 293.66 292.87 292.70 293.15 293.49 293.68 293.84 293.21 292.73 293.05 292.78 293.32 293.22 293.72 293.00 292.67 294.03 293.33 293.25 293.01 292.81 292.78 293.51 293.76 293.60 293.23 293.49 293.80 292.93 293.06 293.27 294.02 293.14 292.83 292.65 293.44 293.14 293.58 293.76 293.08 292.80 293.15 293.56 292.77 293.34 293.76 293.39 293.27 292.97 293.75 293.25 293.45 293.43 293.48 293.43 293.94 293.27 293.46 293.83 293.85 293.15 292.80 293.58 293.61 293.86
293.87 293.60 292.76 293.52 293.00 293.02 293.23 293.43 293.87 294.00 294.00 293.94 293.43 293.64 292.76 293.89 292.69 293.38 293.71 292.98 293.70 292.75 292.93 293.49 293.82 293.85 293.80 293.54 293.27 292.75 292.63 293.17 294.06 292.94 293.56 294.09 293.81 293.05 293.72 292.95 293.35 292.83 293.44 294.06 294.11 293.04 293.14 293.27 292.85 292.77 292.96 292.80 293.75 292.73 292.89 293.65 293.60 293.24 293.74 293.80 293.72 293.70 293.94 293.76 293.17 293.40 293.14 293.28 293.87 293.80 293.68 294.10 293.72 293.91 293.40 292.92 293.19 294.05 293.59 292.91 293.95 292.87 292.98 293.06 293.26 292.73 293.94 293.43 293.19 293.24 293.39 293.68 293.64 293.22 293.60 293.37 293.92 293.90 293.06 293.10 293.36 293.03 292.74 293.58 293.04 293.90 293.20 293.60 292.90 292.78 292.86 292.92 293.14 293.07 293.02 293.31 293.40 293.56 293.04 293.70 292.73 293.15 294.10 293.86 293.04 293.21 293.98 293.93 293.00 294.02 293.96 293.63 292.88 293.76 293.53 292.94 293.29 292.79 292.85 293.16 293.59 293.96 292.81 293.43 293.07 292.76 294.09 293.27 293.90 293.91 292.77 292.70 293.74 294.01 293.78 292.77 293.73 293.20 293.81 293.54
292.63 292.85 292.87 292.96 293.55 293.51 293.06 293.68 293.24 292.79 292.74 293.51 293.41 292.91 294.06 292.93 294.07 293.65 294.09 293.92 293.77 292.99 293.69 292.89 294.08 293.96 292.93 293.46 292.90 293.38 292.93 292.81 293.00 294.10 293.10 293.65 293.09 292.63 292.73 292.74 292.84 294.08 293.52 292.99 293.43 292.76 293.60 294.02 293.56 292.76 293.29 293.53 293.22 293.11 292.81 292.73 293.44 293.19 293.97 293.50 293.98 293.45 293.52 293.52 293.02 293.70 292.67 292.82 293.49 293.80 293.20 293.26 293.32 293.94 293.04 292.77 292.64 293.47 292.66 292.79 293.12 293.73 293.42 293.85 293.31 292.92 293.72 293.43 292.94 293.28 293.92 294.02 292.77 293.62 292.72 293.15 292.90 293.58 293.30 293.11 292.69 292.93 294.11 294.12 292.79 292.69 292.94 293.22 293.71 293.46 293.19 293.03 292.82 292.77 293.71 292.82 293.59 293.46 294.02 293.77 293.45 293.82 293.28 294.09 293.96 293.76 292.90 292.84 293.38 293.33 293.54 293.67 293.95 292.69 293.31 294.00 293.90 294.08 292.83 293.19 293.53 293.10 294.07 293.72 292.73 293.01 293.01 293.31 293.85 292.63 292.70 292.67 293.16 293.94 292.94 293.49 292.68 293.37 293.87 293.86
292.98 292.98 293.45 292.99 293.11 293.85 293.25 293.75 293.46 294.10 292.63 292.96 293.59 293.09 293.75 293.69 293.69 292.83 293.57 292.70 292.72 293.89 293.43 293.03 292.83 292.81 293.57 293.88 293.48 293.76 292.91 292.67 294.06 292.64 293.91 293.52 293.98 293.82 293.32 292.73 293.73 293.86 292.75 293.55 294.00 292.97 293.16 293.52 292.82 293.86 293.46 293.91 293.95 293.45 294.05 292.69 292.84 292.70 293.66 293.39 293.63 292.89 293.27 294.10 293.25 293.63 293.58 294.08 293.06 293.43 293.86 293.25 293.03 292.74 293.09 292.69 293.30 292.68 292.83 293.36 293.71 292.98 293.32 292.91 293.34 294.10 293.90 292.83 293.67 292.68 293.12 292.69 293.15 293.84 293.21 293.83 292.66 292.96 294.00 292.83 293.50 294.10 292.93 292.90 293.85 293.28 294.06 293.19 293.60 293.27 292.84 293.96 293.50 293.19 293.62 292.88 293.82 293.84 293.84 292.87 293.14 293.63 292.86 292.89 292.70 293.48 293.89 294.11 294.06 293.01 293.80 293.67 293.91 292.94 293.87 293.23 293.73 292.72 292.84 293.73 293.71 293.53 293.89 293.79 292.88 293.31 293.13 293.79 293.78 293.06 293.50 293.34 293.80 293.52 293.41 293.57 293.43 293.90 293.77 293.12
293.17 293.15 292.63 292.66 293.85 293.63 292.97 294.03 293.97 293.97 293.40 293.93 293.42 292.83 293.04 293.44 292.75 292.64 292.93 293.31 293.44 294.03 293.82 293.55 293.36 293.36 293.68 292.72 293.59 293.79 293.13 293.95 293.89 293.26 293.91 293.67 293.23 293.86 293.64 293.96 292.83 293.42 293.76 293.80 293.49 292.80 292.88 292.90 292.98 293.16 293.36 292.90 292.69 293.66 292.63 293.47 294.11 294.04 292.87 293.32 293.45 293.58 293.35 293.06 293.90 293.21 293.61 293.86 293.90 293.54 293.05 293.20 293.13 293.15 293.27 293.92 294.04 293.91 293.64 293.10 293.51 294.05 293.93 293.75 293.09 293.30 293.36 293.64 292.64 292.98 294.04 293.53 293.26 294.05 293.32 292.88 292.87 293.29 293.21 292.92 293.65 293.81 293.41 292.96 292.82 293.92 293.17 294.01 292.86 293.09 293.72 292.79 293.75 293.22 292.77 293.68 293.25 293.62 294.12 293.33 294.03 293.76 293.11 292.87 293.56 293.89 294.08 293.65 294.05 293.30 292.97 293.49 293.06 293.64 292.84 293.93 293.49 293.96 294.12 293.91 292.68 292.84 292.78 292.85 293.17 292.77 294.05 293.13 293.74 293.83 293.49 293.58 293.90 292.72 293.52 294.12 293.50 293.26 293.06 293.34
293.21 292.92 293.72 294.08 292.91 293.26 293.73 293.97 293.22 292.65 293.25 292.88 293.87 292.90 293.25 294.09 293.94 292.82 293.35 293.32 293.72 292.90 292.68 292.97 293.02 293.45 293.12 293.61 293.22 293.94 293.59 292.78 293.08 293.51 293.65 293.77 293.36 293.14 293.27 292.84 293.73 293.76 292.93 293.16 292.83 292.80 293.77 293.98 294.08 292.80 293.62 294.09 293.45 293.84 293.01 293.80 293.27 292.76 293.96 293.07 294.05 293.52 293.76 293.04 293.75 293.63 293.33 293.10 294.12 293.70 292.70 293.96 293.27 293.23 293.16 294.06 293.76 292.89 294.09 292.73 293.66 293.40 293.32 294.06 292.95 292.74 292.79 292.74 293.11 293.95 292.91 294.03 293.65 293.15 293.51 293.03 293.16 292.82 292.92 292.72 292.74 293.93 292.74 294.12 293.19 294.07 293.06 292.90 293.54 293.65 293.33 293.30 293.00 293.61 292.68 293.81 294.05 293.43 293.95 293.72 293.09 292.72 294.06 293.99 293.26 292.78 293.47 292.92 294.06 293.38 293.38 294.05 293.29 293.84 293.50 293.65 294.11 293.83 292.98 293.78 293.23 293.49 292.66 293.03 292.84 292.76 293.28 293.40 293.33 292.81 293.53 293.84 293.63 293.20 292.69 293.59 293.62 293.07 293.86 293.60
293.17 293.62 293.76 293.57 293.26 293.37 293.73 293.16 292.89 293.53 294.12 294.10 293.16 293.96 292.92 293.83 293.76 293.01 292.81 293.37 293.17 292.90 292.95 293.66 292.89 292.94 292.68 293.08 292.90 292.88 293.49 293.16 292.79 293.44 293.16 293.11 292.69 293.01 293.12 293.53 293.71 293.50 293.91 293.59 293.37 292.72 292.74 293.85 293.29 293.65 293.61 293.76 293.76 293.51 292.94 293.49 293.08 293.73 292.94 293.12 294.05 293.63 293.58 293.79 293.28 293.18 294.05 293.31 293.70 294.04 293.44 292.88 292.79 292.80 293.49 293.21 293.41 292.86 293.50 293.89 293.72 294.07 292.63 292.64 292.86 293.08 292.97 293.91 292.77 293.90 293.40 293.35 293.46 294.06 293.31 293.97 293.45 294.05 292.83 293.36 293.78 293.11 293.98 293.34 293.88 293.27 293.42 294.10 292.81 294.03 293.64 294.09 292.71 293.58 292.79 293.08 293.78 293.65 293.37 293.25 292.83 293.21 293.72 293.77 293.10 293.73 292.81 293.73 293.71 293.17 293.13 293.31 293.81 293.25 293.91 293.78 293.07 294.07 294.04 293.80 292.68 292.75 293.09 293.62 293.73 293.01 293.04 293.48 293.09 293.87 294.02 292.83 292.77 294.06 292.84 292.97 293.73 292.65 292.97 292.83
293.18 293.52 293.26 292.95 293.57 293.03 293.24 292.88 293.22 293.82 293.49 293.82 293.19 293.27 293.14 293.79 293.59 293.15 293.70 292.87 293.45 293.45 292.85 293.41 293.18 293.21 293.50 293.92 292.91 293.74 293.46 293.84 292.83 292.76 293.23 292.63 292.70 292.81 293.22 293.40 293.11 293.27 293.40 293.62 293.81 292.68 294.03 293.63 294.04 293.21 293.54 292.95 293.61 294.06 293.30 293.90 293.40 292.71 292.77 293.05 292.68 292.76 293.06 293.84 294.06 293.95 293.70 293.90 293.94 293.98 293.79 293.79 293.21 293.89 293.22 293.63 292.69 293.66 292.91 292.70 293.42 292.71 292.82 293.33 293.05 292.97 293.53 292.99 293.76 292.98 294.08 292.95 293.74 293.43 293.99 293.48 294.00 294.00 292.93 294.00 293.26 293.31 294.11 293.59 293.09 294.11 293.38 293.64 292.98 292.98 293.98 293.18 292.77 293.38 293.25 293.36 293.18 293.89 293.76 293.56 293.39 293.37 293.16 293.17 293.79 293.40 292.96 293.51 293.08 293.82 293.00 292.74 293.40 293.89 292.72 293.83 293.42 292.82 292.71 292.96 292.87 293.35 293.89 293.88 293.79 292.90 293.21 293.75 293.24 292.74 293.95 293.83 293.55 293.70 293.14 293.02 293.23 293.57 293.18 293.40
294.04 293.32 293.04 293.12 293.30 292.94 292.81 293.41 293.95 293.41 293.28 293.26 292.69 293.38 292.72 293.49 293.39 293.53 293.23 293.57 293.90 293.65 292.89 293.45 293.01 293.45 293.17 293.98 293.66 293.41 293.39 293.40 293.58 292.97 293.57 292.77 293.54 293.32 292.91 293.20 292.78 293.80 293.84 293.61 293.92 292.65 293.91 293.45 293.64 293.19 293.66 292.91 293.59 292.80 293.69 293.82 293.10 293.93 293.14 293.53 293.90 293.22 293.52 293.69 293.93 292.76 294.04 293.80 293.61 293.88 293.98 293.76 293.53 292.70 293.40 293.81 293.69 292.74 292.63 292.82 293.03 293.76 293.08 293.43 293.92 293.34 294.01 292.74 292.98 293.68 293.15 293.19 293.57 292.92 293.30 293.34 293.68 293.00 293.64 293.88 292.72 293.61 293.65 292.82 293.10 293.38 293.25 293.12 294.07 294.11 293.68 293.63 292.86 293.50 293.81 293.13 293.01 293.46 293.55 293.29 292.74 293.29 293.08 292.83 294.11 293.27 293.46 292.71 292.98 293.15 293.47 293.50 293.66 293.51 293.81 292.65 293.26 293.34 293.19 293.47 292.77 293.43 293.95 293.03 293.87 293.13 293.80 293.65 293.66 293.29 294.11 293.66 294.02 293.97 294.08 293.77 292.76 292.84 293.99 292.80
293.57 293.70 293.71 293.26 293.70 292.64 293.71 293.07 294.06 293.81 294.09 293.80 293.61 293.53 294.10 292.71 293.67 293.18 294.07 292.90 293.88 293.46 293.34 293.79 292.88 293.75 294.04 293.79 293.32 293.15 294.11 293.62 293.76 293.17 294.08 294.00 293.71 293.88 293.14 293.05 293.20 293.11 293.46 294.07 292.95 293.68 292.87 293.31 293.31 292.95 292.78 293.17 293.84 293.62 294.12 293.10 293.10 293.85 293.53 292.71 293.16 293.74 293.13 293.51 293.92 292.64 293.32 293.37 294.01 292.85 293.17 293.04 294.09 293.97 293.30 293.80 292.78 293.44 292.88 293.89 293.42 293.94 293.81 293.85 293.26 293.48 293.08 293.79 292.95 292.89 293.41 292.70 293.69 294.10 293.26 293.49 293.41 293.55 292.69 292.69 293.18 293.68 292.90 292.89 293.94 293.67 293.29 293.11 293.60 293.43 293.94 293.03 293.44 293.29 293.53 292.95 292.88 293.22 292.90 294.12 293.81 293.50 292.96 294.11 292.91 292.98 293.93 293.24 293.01 292.98 292.90 292.63 292.80 292.94 292.80 293.10 293.59 293.76 293.99 293.44 293.34 293.31 292.87 293.28 294.05 292.66 292.69 294.00 292.87 293.16 293.87 293.55 292.88 293.14 294.01 294.02 293.54 294.03 292.82 293.08
293.36 293.55 292.95 293.64 293.31 292.96 293.68 292.73 292.75 293.13 293.61 293.84 293.49 293.71 292.91 294.05 293.54 293.39 293.02 294.04 293.81 292.83 293.11 293.91 293.03 293.80 293.87 293.75 293.48 293.70 293.27 292.98 293.19 293.92 294.07 293.91 293.56 293.13 293.07 293.49 293.37 293.89 293.65 293.74 293.02 293.05 293.73 293.54 292.82 293.30 293.20 292.72 293.96 293.17 293.35 294.03 293.94 293.03 293.69 293.47 293.79 293.52 293.04 293.65 293.91 293.84 293.68 293.09 293.33 293.57 293.81 293.73 293.96 293.98 294.04 293.24 293.94 294.01 293.99 293.77 292.75 293.82 293.98 292.84 293.42 293.75 293.43 293.81 293.40 292.96 292.79 292.85 293.57 292.88 294.01 293.10 293.25 293.68 293.64 294.10 292.89 293.44 293.09 293.05 293.69 292.71 293.20 293.71 293.36 294.06 293.76 293.98 293.04 294.11 293.19 292.73 293.91 292.90 293.63 292.94 293.73 293.24 293.31 293.42 293.74 293.40 293.26 293.81 293.18 293.28 292.81 293.55 293.61 294.10 293.28 293.57 293.06 292.88 293.68 293.57 293.29 293.73 293.77 292.95 294.05 293.44 293.85 293.77 292.77 293.74 292.81 293.51 292.70 293.40 293.95 293.84 292.80 294.12 293.49 293.76
293.10 292.97 294.07 292.68 293.08 293.59 293.46 293.87 293.39 293.51 293.23 293.29 293.49 293.61 292.95 294.05 292.71 292.64 293.63 293.85 294.11 294.12 292.86 293.83 293.69 293.80 293.66 292.86 292.92 292.99 292.65 292.92 293.07 294.11 294.03 293.56 293.44 294.05 292.75 293.66 294.11 293.87 292.99 293.20 292.65 292.78 293.38 293.00 293.58 293.31 292.86 293.87 292.94 292.64 293.33 293.45 293.50 293.02 293.82 293.88 293.41 293.22 292.66 293.85 293.40 293.72 293.66 293.87 293.38 293.71 293.13 294.05 292.68 293.35 293.58 293.25 294.05 294.11 293.72 292.98 293.86 293.26 293.32 294.00 293.56 293.75 293.84 293.24 293.06 292.93 293.70 293.95 292.83 293.50 292.66 293.08 294.06 293.61 293.93 293.42 293.78 292.64 292.74 292.63 294.09 293.57 292.73 293.81 293.27 293.29 293.49 293.06 293.28 293.05 293.33 293.53 292.67 292.63 293.58 292.66 293.11 293.19 293.96 293.76 292.99 293.93 294.11 292.98 292.66 292.97 292.63 293.46 293.10 293.49 293.99 292.70 293.60 293.04 294.11 293.54 293.80 292.89 294.02 293.86 293.64 293.62 292.96 293.39 293.88 293.42 294.00 293.48 293.77 293.48 293.83 293.95 293.00 292.96 292.69 293.08
294.11 293.72 293.51 293.04 293.94 292.86 293.90 293.62 292.78 292.63 292.88 293.23 293.56 292.69 293.12 293.21 293.56 293.73 293.49 293.16 293.90 292.80 292.67 293.51 293.52 293.91 294.10 293.55 292.75 293.38 292.63 292.75 293.04 293.94 293.59 293.11 292.76 293.85 293.56 292.68 292.87 293.54 293.24 293.81 293.17 293.76 293.79 293.50 294.06 293.28 293.56 293.53 292.69 292.66 293.39 292.99 293.22 293.27 293.82 293.06 293.51 293.27 293.99 292.98 293.33 293.76 293.09 293.49 293.22 293.28 294.08 293.07 292.65 292.88 292.69 293.72 292.98 293.35 294.12 293.70 293.38 292.80 293.02 292.67 293.50 293.05 292.93 293.01 293.38 292.71 293.17 293.12 292.64 293.14 293.69 293.95 293.36 293.64 294.05 293.29 293.85 293.41 294.04 293.52 292.67 293.55 294.07 292.88 293.87 293.10 292.98 293.84 293.67 294.00 293.82 293.26 292.85 293.67 293.15 294.00 293.01 293.68 292.69 292.80 293.47 292.96 292.81 292.84 292.84 293.14 292.76 293.93 292.90 293.32 292.91 293.85 293.99 292.67 292.94 293.65 293.29 293.10 293.87 293.75 292.99 293.67 293.55 292.96 293.32 293.37 293.44 292.69 292.77 292.85 293.32 293.90 292.88 293.23 294.03 293.44
294.07 293.17 293.60 293.16 293.57 292.96 293.25 293.29 292.94 293.44 294.02 292.91 293.16 293.49 293.77 293.90 293.10 293.01 292.77 294.00 292.82 293.85 294.09 293.30 293.23 293.69 293.17 294.03 293.64 292.76 294.05 293.62 292.66 293.78 293.62 292.77 294.02 292.63 293.78 293.02 293.76 293.45 293.32 292.77 293.65 293.67 292.93 293.90 293.73 293.99 293.14 293.13 293.87 293.39 293.79 293.11 292.81 294.02 293.75 292.65 293.50 293.26 293.62 292.97 292.96 293.12 293.81 293.29 292.63 292.65 293.54 292.68 293.67 293.14 293.30 293.38 293.35 293.28 292.74 293.54 293.32 294.03 293.25 292.82 293.60 293.64 293.67 293.25 292.99 292.67 292.86 294.07 293.37 293.18 293.35 292.80 293.93 292.98 293.79 293.23 294.07 293.09 293.72 294.05 294.02 293.21 293.12 292.89 292.80 292.82 293.71 293.41 293.56 293.48 293.47 292.77 293.25 292.66 293.38 293.09 293.91 293.79 293.70 293.04 293.70 293.21 293.77 292.84 293.42 292.64 293.85 293.14 293.06 292.71 293.58 292.78 293.29 293.25 294.11 293.91 293.23 293.67 293.97 293.10 292.67 292.97 293.85 293.20 293.11 293.24 292.77 293.57 294.11 292.94 292.65 293.68 293.01 293.49 293.03 293.55
293.78 293.96 293.29 293.53 293.03 293.34 293.19 292.82 293.27 293.91 293.41 294.01 293.85 292.78 293.76 293.14 293.80 293.85 293.08 294.12 293.30 293.07 292.83 294.07 293.08 292.69 293.40 293.46 293.98 293.75 292.83 292.65 293.78 294.11 292.76 292.68 293.90 294.07 293.41 293.91 292.67 293.34 293.16 294.11 293.66 292.83 293.79 292.80 294.01 293.44 293.17 292.97 293.81 292.73 293.02 292.95 293.04 292.63 293.41 292.85 293.42 293.81 293.15 293.53 293.62 292.90 292.82 292.82 294.10 293.79 292.65 293.81 292.76 292.75 292.66 293.58 293.56 293.72 294.03 293.11 292.67 293.14 293.61 292.81 293.05 293.63 293.32 293.89 293.63 293.50 294.00 294.01 293.19 293.23 292.83 293.74 293.20 292.98 293.94 293.06 293.09 292.90 293.72 293.33 293.63 292.85 293.77 293.31 292.91 292.86 292.97 293.37 292.68 292.98 292.75 293.35 292.89 292.63 293.50 293.11 293.57 293.38 293.58 292.74 293.12 293.67 293.07 292.78 292.98 292.94 293.69 293.20 293.63 293.68 293.39 292.70 292.75 292.79 293.03 293.21 293.64 292.87 293.55 292.63 294.05 293.02 293.06 292.90 293.01 294.03 293.56 292.73 293.84 293.88 292.76 293.35 293.07 292.97 293.87 293.56
292.70 292.85 293.92 293.71 294.01 293.28 293.29 293.28 293.13 292.93 293.35 293.77 292.91 293.05 293.40 293.38 293.69 293.24 292.74 293.48 293.66 293.08 293.96 293.63 293.03 293.42 293.79 293.28 293.80 292.98 293.64 293.60 293.34 294.05 293.86 293.32 293.92 292.88 293.88 292.89 292.88 293.69 293.23 292.80 293.78 292.82 293.85 293.67 294.04 292.83 293.61 293.25 293.43 293.31 293.56 293.86 293.38 293.82 294.10 293.73 293.66 293.17 293.40 293.41 293.42 293.31 292.64 293.62 293.51 292.64 293.20 293.86 293.89 293.24 294.12 292.81 293.19 294.02 293.89 294.04 293.85 293.55 292.92 292.94 294.12 293.74 292.83 292.99 293.86 293.56 292.97 293.75 293.14 293.32 293.84 293.30 293.59 293.85 293.17 293.08 293.31 293.25 292.97 293.06 293.46 293.03 292.68 293.02 293.50 293.31 293.66 293.27 294.10 293.14 293.61 293.33 293.35 293.11 293.23 293.98 293.45 294.02 293.75 293.98 292.75 292.75 293.95 293.56 292.81 292.64 292.70 293.83 293.35 293.19 292.71 292.99 293.94 293.93 293.41 294.04 294.03 293.73 293.31 293.31 292.84 293.15 292.72 293.98 293.89 293.98 293.62 293.53 293.41 293.61 293.14 292.72 292.82 292.77 293.64 293.20
293.69 293.77 292.72 293.80 293.72 293.40 293.52 293.92 292.71 293.90 294.08 293.54 293.42 293.85 293.77 293.71 293.92 293.43 293.13 293.88 292.66 292.92 293.66 293.92 294.00 293.28 293.26 293.30 293.66 293.98 292.78 293.95 292.75 293.10 294.12 292.63 292.84 293.24 293.83 293.94 294.03 294.08 293.89 293.62 293.54 294.07 293.37 293.73 294.12 293.27 292.83 293.67 293.00 292.95 294.11 294.05 292.86 292.64 293.35 292.97 293.29 293.62 292.83 293.10 292.64 293.48 294.03 293.26 293.33 293.15 293.07 292.90 293.04 293.67 293.33 293.20 293.13 293.58 293.38 293.56 292.72 294.02 294.01 293.13 293.88 293.05 293.62 293.92 293.30 292.64 293.54 292.84 293.79 292.70 293.03 293.03 293.96 294.04 293.29 293.89 293.10 292.68 292.95 293.41 292.77 292.93 292.72 293.33 293.20 292.68 294.04 292.97 293.18 292.85 292.76 292.63 292.68 293.76 293.09 293.45 294.12 294.02 293.27 293.55 293.60 293.53 293.42 293.95 292.77 293.63 294.11 293.41 293.59 293.71 293.28 293.36 293.32 292.79 292.67 293.29 293.65 293.11 292.73 293.40 294.09 293.21 293.93 293.95 292.98 293.31 293.31 293.96 293.48 294.06 293.82 293.09 293.82 293.75 293.96 293.59
293.53 293.35 293.38 292.93 294.05 293.74 293.35 293.60 293.58 293.55 293.99 292.90 293.76 292.93 293.33 293.89 293.83 293.27 293.06 293.26 293.90 292.67 293.56 292.69 293.11 293.73 293.03 293.26 294.03 293.70 293.92 292.83 293.18 293.11 293.34 293.17 293.24 293.68 292.71 293.84 293.67 294.09 293.14 293.90 293.77 292.99 293.51 294.02 293.93 293.47 293.59 293.43 293.25 293.43 293.27 293.82 292.81 292.93 293.65 293.46 293.42 292.70 292.80 294.05 292.86 292.78 293.84 292.87 292.65 294.11 293.18 293.26 293.84 293.59 294.05 292.79 292.82 292.91 292.97 293.19 292.81 293.90 292.79 293.48 293.68 293.60 294.10 293.54 293.21 293.00 293.41 293.59 292.84 293.18 292.88 293.74 292.95 293.00 293.53 292.84 293.06 293.92 292.78 293.04 293.07 293.94 293.37 293.99 293.36 293.41 293.04 294.12 293.94 294.03 292.90 293.87 293.70 293.40 292.94 293.24 292.73 292.94 293.38 293.40 294.05 293.84 293.98 293.53 293.19 293.33 292.85 293.56 293.63 293.57 293.77 293.88 292.89 294.01 293.50 293.99 293.07 293.99 293.31 293.73 293.77 293.15 292.87 294.12 293.34 293.37 293.72 292.64 293.95 293.51 292.71 292.72 293.42 294.12 293.60 293.07
293.84 294.00 292.74 293.52 293.88 293.75 294.00 293.57 293.05 292.97 292.91 292.89 293.65 294.03 294.11 293.86 293.89 293.30 292.81 292.69 292.88 293.27 292.87 292.67 293.69 293.34 293.34 292.99 293.77 293.14 293.30 293.94 292.67 293.12 293.33 292.94 292.96 293.55 293.46 293.62 293.22 293.48 293.89 292.99 292.82 293.56 294.02 293.07 293.00 293.44 292.92 293.79 293.01 292.63 294.10 293.35 293.98 293.18 293.28 293.80 292.66 293.37 294.05 293.45 293.72 293.79 292.99 293.23 293.59 293.49 293.90 294.04 293.31 293.62 293.34 292.85 293.56 292.87 293.90 293.22 294.08 293.16 292.90 293.51 292.90 293.73 293.54 293.39 293.05 292.78 294.07 293.70 293.95 293.26 293.41 292.92 293.87 293.06 293.77 293.55 292.73 293.00 293.77 293.38 293.78 293.90 293.19 293.55 293.77 293.85 293.80 293.97 293.59 294.05 293.45 294.08 292.98 293.90 293.04 294.05 292.66 293.99 292.74 293.31 293.98 293.61 292.79 293.56 293.77 292.78 293.20 294.05 292.95 293.02 292.76 294.05 293.16 294.07 293.85 293.13 293.46 293.63 292.83 293.19 293.23 293.29 293.76 293.71 292.73 293.55 292.74 293.24 293.71 293.62 293.31 292.84 293.59 292.90 293.12 292.65
293.33 293.92 294.05 293.95 293.23 292.93 292.83 292.99 293.96 293.12 293.36 293.87 293.88 292.97 294.11 293.42 293.70 293.77 293.76 293.44 293.45 294.03 294.05 292.99 292.94 293.07 293.16 293.72 293.39 293.88 293.26 294.06 294.07 293.73 293.38 293.55 292.65 292.91 292.78 294.03 292.86 292.69 293.39 293.82 293.78 293.02 292.87 293.25 293.71 293.00 293.14 292.80 293.45 293.97 293.80 293.47 292.79 294.05 294.09 292.70 293.60 292.84 293.59 292.86 293.42 293.26 293.28 293.66 293.43 293.51 293.37 294.03 292.82 293.81 294.12 292.66 294.04 293.50 293.37 292.80 293.15 293.36 293.93 293.51 292.76 294.00 293.67 293.58 293.11 293.47 293.80 293.35 292.82 293.25 293.07 293.73 293.87 293.61 292.92 294.03 293.97 293.48 292.94 293.98 293.79 293.16 292.99 293.96 293.09 293.16 293.75 292.99 293.08 292.81 293.46 292.64 293.20 293.26 293.10 293.18 293.02 292.90 293.40 293.41 293.10 293.08 293.02 293.68 294.04 293.57 293.09 293.97 292.73 294.10 292.96 292.87 293.46 293.12 292.84 294.05 293.14 293.70 294.06 292.74 292.99 292.66 293.09 292.95 293.49 293.34 293.55 293.92 293.42 292.82 293.13 292.72 293.74 293.18 292.84 293.80
293.35 292.68 293.38 292.89 293.19 292.99 294.12 293.27 293.94 292.95 293.35 293.49 293.02 293.91 293.54 292.82 292.72 292.81 292.96 293.15 294.06 292.93 292.95 294.00 292.88 293.16 292.95 293.34 293.64 292.91 293.90 293.21 293.72 293.15 293.79 293.45 293.62 294.08 292.63 293.80 293.79 293.21 292.82 294.01 293.20 293.04 292.69 292.82 293.79 294.03 293.22 293.00 292.74 293.03 293.97 292.69 293.91 292.94 292.93 292.72 293.76 292.79 293.16 293.99 293.64 293.58 293.93 293.90 293.65 293.23 292.86 292.91 293.63 293.74 293.00 293.26 293.66 292.96 292.88 293.37 294.09 294.05 294.04 293.42 293.34 293.81 292.87 292.87 292.74 293.46 294.09 293.15 293.52 292.75 293.03 293.12 293.75 293.28 293.08 293.53 293.17 293.95 293.16 294.10 293.89 293.01 293.28 292.76 292.79 293.71 293.67 294.00 293.79 293.75 294.10 292.86 293.86 293.17 293.69 293.45 292.94 293.94 293.60 293.70 292.66 293.38 293.94 293.97 293.81 294.05 294.09 293.78 292.80 292.80 294.00 292.84 293.04 293.95 293.77 293.87 293.01 293.28 294.08 293.58 292.83 293.20 293.09 293.48 293.41 293.28 293.01 293.26 294.08 294.04 293.88 293.05 293.63 292.97 293.98 293.65
293.02 293.09 294.10 293.85 293.24 292.89 293.78 293.75 292.94 293.86 293.20 293.27 292.97 293.00 293.35 293.79 294.08 292.86 293.35 292.93 293.97 293.73 293.62 293.54 293.08 293.41 293.06 292.72 293.18 293.23 293.69 293.56 293.13 293.91 293.38 293.78 293.40 292.95 293.38 293.08 293.54 293.83 292.95 292.93 293.42 292.98 293.62 294.11 293.93 293.13 293.03 293.89 293.97 292.66 292.83 293.82 292.93 293.22 293.02 292.90 293.44 292.91 292.76 293.28 293.18 294.10 292.92 292.88 293.57 294.00 293.84 293.66 292.64 293.45 293.68 293.30 292.85 292.68 293.57 293.28 293.33 293.40 293.94 293.51 292.67 293.30 292.71 293.14 293.87 292.75 293.44 294.03 292.75 293.99 293.69 293.22 293.00 293.61 293.01 293.84 293.26 293.10 293.72 292.67 293.81 293.58 293.55 293.19 293.84 292.71 293.35 292.82 293.14 293.99 294.03 293.10 294.08 293.20 293.19 292.88 293.86 292.65 293.39 293.35 294.04 293.97 292.65 292.80 293.74 293.01 293.55 292.64 293.36 293.81 292.93 293.03 293.06 292.89 292.96 292.95 293.92 293.37 293.42 292.90 293.62 293.84 294.07 293.61 293.85 293.03 293.01 293.68 293.16 292.95 293.52 293.50 292.68 293.19 292.73 293.64
293.19 293.91 293.67 293.04 293.70 293.90 294.12 292.75 292.86 293.81 293.85 293.40 292.72 293.57 294.01 293.10 293.31 292.97 293.96 293.42 293.07 292.79 293.66 293.91 293.54 292.95 293.81 293.05 292.72 292.69 293.87 293.37 293.84 293.97 293.01 292.64 293.09 293.79 293.60 293.60 293.03 293.33 292.69 294.01 293.54 292.72 294.03 293.75 292.83 293.43 293.43 294.03 293.58 292.90 294.08 293.51 293.74 293.28 293.55 292.74 293.40 293.96 292.88 292.97 293.07 293.20 292.96 293.48 294.04 293.38 293.59 293.13 293.39 293.66 293.46 293.12 292.67 292.67 293.97 292.90 293.22 293.64 293.32 292.88 293.21 293.36 293.99 293.43 292.71 293.48 293.81 293.97 293.26 293.46 293.00 293.74 292.95 292.63 292.80 293.63 293.55 292.94 293.54 293.49 293.98 292.63 293.25 293.33 292.90 294.09 293.02 293.10 293.46 293.47 294.11 292.87 293.09 293.50 293.05 292.97 293.52 293.41 294.04 293.06 294.10 293.15 293.51 293.00 292.97 293.23 293.15 294.08 292.94 293.59 292.79 293.38 293.79 294.00 292.66 293.55 293.89 293.21 293.13 293.50 293.67 293.28 293.97 293.04 293.65 293.05 292.82 293.26 292.79 294.11 293.78 294.00 293.23 292.75 292.82 293.52
293.48 293.96 293.66 293.60 293.16 293.31 293.69 293.17 293.69 294.12 292.96 293.94 293.85 292.73 293.16 292.81 293.85 294.08 293.26 292.75 293.22 293.45 293.54 293.66 293.40 293.49 293.86 292.70 292.67 293.54 294.00 293.78 294.00 292.95 293.01 293.75 293.76 293.65 293.07 293.40 292.76 292.68 292.81 293.41 293.71 292.79 294.00 292.90 293.89 292.78 293.25 293.69 293.83 293.26 293.95 294.04 293.99 293.39 293.10 292.72 292.93 293.25 293.54 293.07 293.61 292.89 293.84 292.80 294.08 292.95 293.13 293.48 293.93 294.12 293.74 292.99 293.56 294.04 293.53 292.63 293.89 292.67 293.39 293.77 294.12 293.93 293.38 293.39 293.24 292.96 293.70 292.87 293.95 294.11 293.68 293.69 293.89 292.93 292.81 293.89 293.15 294.03 293.91 292.84 292.70 293.58 292.89 293.30 293.58 293.01 294.03 294.12 292.99 294.11 293.31 293.87 292.95 293.62 292.81 293.36 292.86 293.47 293.53 293.62 294.07 294.09 292.80 294.08 293.40 293.61 293.03 293.91 293.33 292.73 293.29 294.01 293.14 293.90 293.52 293.98 293.40 293.72 293.24 293.04 292.66 292.90 292.82 293.12 292.96 292.87 293.46 293.39 293.57 293.58 293.67 292.82 294.07 293.77 293.73 292.78
293.97 292.84 293.27 293.18 292.96 293.47 293.45 293.04 292.78 293.16 293.42 293.29 293.60 292.83 293.43 293.01 293.10 292.85 293.01 292.75 293.30 293.38 293.63 293.30 293.13 292.90 293.84 293.85 293.78 293.64 293.43 293.51 294.05 292.73 293.08 294.05 293.86 293.84 292.74 293.96 293.27 293.64 293.77 293.70 293.51 293.45 292.98 294.09 293.77 293.24 293.12 292.79 293.84 293.19 293.68 293.52 293.04 292.67 293.08 293.50 293.94 293.33 293.74 294.04 293.32 293.11 293.58 292.65 292.68 293.02 293.01 293.47 294.05 292.78 292.82 293.16 294.12 292.73 292.65 294.07 293.69 293.24 293.59 293.25 293.64 293.50 293.12 293.61 293.37 292.73 293.58 293.20 293.36 292.73 293.90 293.57 293.39 292.89 294.04 293.59 292.65 294.11 293.29 293.51 292.74 292.93 294.01 292.72 293.98 293.28 292.89 293.57 293.05 292.99 293.45 293.36 293.17 293.86 293.99 294.06 292.90 292.87 293.10 294.11 293.20 292.87 293.48 293.38 293.86 293.23 293.80 293.98 293.28 293.60 293.75 292.74 292.70 292.92 293.20 292.83 293.95 292.81 293.51 293.43 293.93 293.14 293.17 294.04 293.40 293.41 293.34 293.92 293.93 293.24 294.10 293.46 293.59 293.70 293.24 292.80
293.36 292.71 293.00 292.87 292.73 293.99 293.96 292.74 293.85 293.43 293.51 292.77 293.28 293.00 293.36 293.95 293.53 293.04 293.85 293.15 292.92 293.76 293.21 292.94 292.68 293.26 293.35 292.98 293.99 293.37 293.19 293.20 293.76 293.16 293.85 292.70 293.13 293.36 293.15 293.48 293.61 293.87 293.61 293.27 292.91 294.00 294.02 293.51 293.45 293.27 292.89 293.44 294.06 293.87 293.36 293.84 292.66 293.55 293.99 293.43 293.18 293.46 293.81 294.07 293.99 293.72 292.74 293.70 293.73 292.75 293.10 292.79 292.68 293.41 292.77 292.79 293.11 293.87 293.74 294.11 293.14 293.07 293.87 293.87 293.47 293.94 293.05 292.69 293.56 293.79 293.05 293.75 293.36 293.50 292.64 293.75 292.67 292.68 292.75 293.66 293.94 292.81 293.53 293.23 293.12 292.67 293.09 293.26 293.53 293.85 293.68 293.49 293.55 292.93 293.67 293.41 294.07 293.30 293.78 292.71 294.00 293.76 293.20 293.97 293.85 293.72 293.82 293.31 293.40 292.85 293.86 292.86 293.04 292.66 293.90 293.41 293.36 293.90 293.54 293.46 294.03 293.68 292.80 293.18 293.09 293.21 293.06 293.87 293.75 293.58 293.05 294.11 292.72 293.01 293.20 293.07 293.34 293.35 293.14 293.98
292.79 294.09 293.85 293.17 293.55 293.59 293.42 292.98 293.49 293.63 293.08 293.14 293.10 292.86 293.92 293.76 293.55 293.57 293.98 293.62 292.85 292.65 293.75 292.89 293.52 293.27 293.34 293.25 293.63 293.29 292.86 292.79 293.84 293.27 293.34 294.01 292.99 293.40 293.03 293.16 293.81 293.20 293.22 292.78 293.81 293.92 292.82 293.27 293.23 293.82 293.67 294.10 293.85 292.79 293.45 293.17 293.38 293.33 293.73 293.03 292.84 293.49 293.10 293.45 293.80 293.20 293.91 293.51 292.81 292.68 292.91 292.65 293.82 293.48 293.98 293.22 293.08 293.93 292.68 292.93 293.98 293.51 293.30 292.74 292.70 292.86 293.28 292.74 292.99 292.75 293.42 293.72 293.71 293.36 292.67 293.49 293.02 293.47 293.29 292.79 292.86 293.91 293.56 293.81 292.90 293.18 293.39 294.08 293.83 292.69 293.04 293.93 293.03 293.98 293.77 293.02 293.57 294.06 293.28 293.18 292.83 292.88 293.87 293.62 293.15 293.31 293.77 293.52 293.35 292.83 293.43 293.36 292.90 292.85 293.63 293.29 293.25 293.19 293.37 293.67 293.61 292.93 292.72 292.82 292.97 293.37 293.53 292.91 292.69 293.63 292.96 293.39 293.69 293.11 293.01 294.07 293.99 293.39 294.01 293.67
292.83 292.85 293.11 293.08 292.89 293.61 292.84 293.21 292.74 293.35 293.76 293.89 293.82 293.81 293.15 293.14 294.03 292.77 292.77 292.82 294.11 293.67 293.41 293.25 293.98 293.35 293.26 292.80 293.15 293.62 293.27 292.68 294.08 293.96 293.64 292.89 293.52 293.03 293.47 293.31 293.47 294.06 293.36 292.77 293.74 293.99 292.85 292.79 292.93 292.92 293.43 294.01 293.43 292.83 292.75 293.07 293.68 293.88 293.99 293.16 293.58 293.04 293.66 293.84 293.46 293.37 292.85 292.75 292.91 293.06 292.97 292.89 293.91 293.14 293.86 292.63 293.70 293.93 294.12 293.47 294.00 292.66 293.59 294.02 293.71 293.97 293.88 293.77 293.08 293.38 293.63 292.96 293.57 293.12 293.95 293.43 292.73 294.10 293.73 293.29 292.67 293.55 293.90 292.76 293.83 293.66 294.05 293.89 293.45 293.96 293.32 293.69 293.66 292.71 292.73 292.68 293.17 293.94 293.65 293.48 293.27 293.73 293.26 293.90 293.77 293.28 293.79 293.01 293.03 293.47 293.69 292.74 293.47 293.97 293.83 292.99 292.70 292.85 294.04 293.66 292.89 292.76 293.18 293.13 294.03 293.73 292.79 293.67 292.67 293.77 293.82 293.92 293.97 293.45 293.84 293.12 292.93 293.42 293.30 293.88
293.96 293.65 293.09 293.41 293.59 292.74 293.75 293.77 293.69 292.80 293.58 293.29 293.19 294.11 293.90 293.20 292.69 292.63 292.84 292.77 292.64 294.08 293.31 292.86 293.56 293.49 293.13 293.62 293.59 293.84 292.95 292.94 294.00 293.18 293.64 293.66 293.41 293.92 293.48 293.90 293.54 293.92 293.86 292.96 294.02 292.80 293.36 294.02 293.55 293.73 293.64 293.13 293.90 292.92 293.09 293.85 293.68 293.47 293.87 293.31 293.23 293.33 293.42 293.97 293.89 293.40 293.43 293.24 293.95 293.70 293.83 293.45 293.18 292.84 293.57 293.73 292.98 293.17 293.88 294.04 293.89 293.95 292.85 293.76 292.88 292.91 293.75 294.05 293.10 293.57 293.97 293.02 293.44 293.97 292.95 293.21 292.80 293.78 292.82 292.72 293.60 293.66 292.86 293.72 293.07 293.82 293.89 292.99 292.74 293.92 294.11 292.83 292.96 293.32 293.16 292.90 292.95 293.82 293.77 292.77 293.64 293.18 292.87 294.06 293.77 294.01 293.37 293.39 294.08 293.72 293.41 293.89 293.00 294.11 292.92 293.94 293.95 293.07 293.71 292.81 293.07 293.67 293.70 293.83 293.94 293.17 293.05 293.61 294.10 292.64 293.81 292.83 293.60 292.69 293.47 293.25 292.92 293.91 292.73 292.94
294.06 293.82 293.46 293.34 293.35 293.08 293.14 293.56 292.97 293.99 292.83 293.24 293.62 293.72 293.38 293.69 293.43 293.04 292.91 293.84 293.25 293.77 293.31 293.40 293.67 293.39 294.01 293.68 294.05 292.64 293.00 292.91 293.52 292.68 293.00 293.42 293.02 293.24 292.68 293.41 292.87 293.58 293.77 292.74 292.78 293.24 293.49 292.75 293.45 293.04 294.07 293.52 293.84 294.00 293.33 292.91 293.78 293.72 293.89 292.81 293.22 293.84 292.73 293.70 292.96 292.97 293.04 293.44 293.15 293.11 292.65 294.01 293.86 293.90 293.15 293.01 292.70 293.23 293.31 293.94 292.84 293.17 293.70 293.09 292.80 293.94 294.00 293.38 292.70 293.57 292.69 293.45 293.26 292.70 293.77 293.17 293.29 292.97 294.01 293.62 292.63 292.98 293.07 293.60 293.31 293.83 292.89 293.71 292.63 293.36 293.83 293.27 293.31 293.45 293.71 294.03 293.80 293.28 293.64 293.58 293.82 293.21 293.83 293.46 292.99 292.92 293.77 293.44 292.85 293.61 293.13 293.78 293.68 293.85 293.03 292.88 293.44 292.99 293.30 293.54 294.06 292.68 293.92 292.66 293.41 293.32 293.56 293.70 292.88 294.10 293.71 294.01 293.11 293.73 293.43 292.95 293.67 293.25 292.92 292.73
292.98 293.02 294.05 293.38 292.70 293.30 293.66 293.52 293.85 293.85 292.99 293.21 293.01 293.24 293.24 293.76 294.07 293.71 293.18 293.45 293.82 293.39 292.94 293.49 293.20 293.28 293.39 293.61 292.73 292.93 292.92 292.75 293.90 294.11 293.92 293.88 293.36 293.36 293.24 293.31 292.78 294.01 293.08 293.08 293.55 293.05 293.93 293.57 293.32 293.23 292.84 293.93 293.11 294.00 292.97 293.25 293.30 293.92 292.80 293.48 294.10 293.25 293.08 293.18 293.26 293.82 293.14 292.64 292.85 293.58 293.24 292.64 294.06 293.76 293.02 292.99 293.36 293.49 293.15 293.05 293.49 293.60 293.44 293.55 294.07 293.96 292.77 293.58 293.33 293.61 293.07 293.56 293.91 292.79 293.97 293.41 292.86 293.66 293.05 292.68 292.69 292.90 292.75 292.78 293.59 292.81 292.87 294.06 293.78 293.80 292.84 292.78 294.00 293.70 293.87 293.32 293.70 293.12 293.76 293.52 292.97 293.02 293.80 293.82 293.15 293.55 293.13 293.22 293.70 293.89 293.61 293.22 292.72 293.11 293.40 292.88 293.91 293.95 292.63 292.99 293.89 293.36 294.03 293.08 293.13 293.90 293.81 292.72 293.71 294.01 292.86 292.77 293.40 292.94 293.27 293.02 293.00 293.65 293.11 293.50
293.65 293.37 293.43 292.81 293.73 292.96 293.49 293.12 292.92 292.91 294.01 292.93 293.09 293.77 293.56 293.84 293.25 293.62 292.99 292.65 293.82 294.00 293.77 292.80 293.61 293.62 292.88 293.46 293.78 293.76 293.89 293.92 293.67 294.07 293.71 293.43 293.04 293.66 293.26 292.72 294.11 294.06 293.72 293.38 293.45 293.93 293.71 293.17 294.01 294.08 293.94 294.07 293.44 293.02 293.52 293.06 293.72 293.96 292.73 293.91 293.85 292.88 293.04 294.01 293.77 292.96 294.08 293.44 293.53 292.84 293.37 293.73 292.94 293.76 293.74 292.85 293.42 293.68 292.68 293.98 293.53 293.37 294.03 293.38 293.43 293.12 293.14 294.04 293.60 293.58 292.94 293.48 294.07 293.82 292.66 292.72 293.72 292.90 292.83 293.92 294.04 293.55 293.29 293.60 293.10 293.90 292.93 292.94 293.32 293.13 293.95 292.67 292.72 292.78 293.42 293.05 292.85 293.59 292.66 292.91 293.82 293.04 293.75 293.18 293.76 292.74 293.24 292.83 293.95 293.46 292.79 292.90 292.63 293.70 293.30 293.80 294.12 293.01 293.23 293.20 292.87 293.39 293.95 293.09 293.38 293.74 293.31 293.92 292.75 293.45 294.01 292.99 293.10 293.94 293.52 293.55 293.73 293.93 292.69 292.68
292.98 293.06 292.68 293.28 293.92 293.77 292.95 293.36 293.03 293.41 293.88 292.73 292.79 293.38 293.90 292.67 293.64 294.04 292.77 294.09 293.71 292.92 293.39 293.33 292.69 293.37 292.84 293.17 292.82 293.37 292.72 293.44 293.09 293.01 293.75 293.72 292.97 292.65 294.10 293.03 292.73 293.09 293.83 293.37 293.62 293.26 293.11 292.94 292.93 292.81 293.61 292.98 294.10 293.60 293.82 293.14 293.72 293.70 292.82 293.34 293.80 292.72 293.91 293.58 292.72 293.74 293.96 293.58 292.87 294.10 292.69 293.39 292.67 293.58 294.11 294.00 293.42 293.67 293.97 292.73 293.99 293.80 292.68 293.20 293.83 293.75 292.68 293.56 292.69 294.10 292.64 292.99 293.06 293.56 292.77 293.62 292.75 293.25 293.51 293.43 292.67 292.94 294.11 293.05 293.60 293.03 293.18 293.31 292.94 293.53 293.04 293.75 292.67 292.99 293.63 293.08 293.56 293.73 293.39 293.51 293.58 294.04 293.76 293.90 293.60 293.73 293.45 292.98 293.93 293.07 293.46 292.64 293.89 294.10 294.05 293.08 294.08 293.29 293.30 292.65 292.72 293.00 293.63 293.58 293.95 293.55 293.76 292.90 293.33 292.84 293.78 293.20 292.90 293.42 292.90 293.41 293.78 293.62 293.71 293.97
293.18 292.74 293.58 292.73 293.34 293.56 293.38 293.30 292.94 294.03 293.07 293.97 294.05 293.76 293.62 293.17 292.79 292.93 293.17 293.47 294.00 292.69 293.35 293.83 292.92 293.59 292.97 293.46 293.13 292.66 292.84 293.74 293.01 293.19 293.51 294.04 293.30 293.10 293.02 294.02 293.51 293.76 293.08 293.08 293.94 293.48 293.84 293.52 293.92 293.18 294.12 293.02 292.78 293.88 292.75 294.00 292.90 293.90 294.12 293.52 292.94 292.75 293.89 293.78 292.89 293.19 293.07 293.69 293.45 292.76 293.77 293.35 293.38 292.95 293.11 293.06 293.56 292.67 293.68 293.46 293.50 293.20 293.78 293.96 293.32 293.15 293.16 293.96 293.42 293.89 293.10 294.06 294.12 293.52 292.66 293.26 293.17 292.80 294.02 293.81 293.17 293.69 293.31 293.05 292.92 292.97 293.11 292.89 293.91 293.75 292.63 292.91 292.66 293.88 293.01 292.86 293.39 292.98 293.30 293.53 293.68 292.80 293.53 292.74 292.68 293.28 292.74 293.01 292.88 293.02 293.01 293.49 293.64 293.32 292.87 293.86 293.92 293.68 292.75 293.43 293.20 293.34 294.04 293.44 292.74 293.42 293.83 293.59 293.54 292.88 294.03 293.48 293.32 294.05 293.31 293.62 293.65 293.37 293.98 292.66
293.40 294.00 293.44 293.40 292.63 293.41 292.86 293.55 293.11 293.72 292.80 293.67 292.91 293.92 293.62 293.04 293.94 293.22 293.94 292.70 293.65 292.92 293.41 294.09 292.94 292.85 293.23 293.58 293.19 293.19 293.88 294.02 293.93 292.94 293.94 293.98 293.13 293.84 292.89 293.13 294.02 293.48 293.88 293.92 293.31 294.01 293.73 294.04 293.86 293.86 292.82 293.77 293.43 293.42 294.11 293.92 293.83 292.64 292.95 292.84 293.45 293.58 294.05 293.81 293.32 293.85 293.94 293.59 293.47 293.18 293.97 293.96 293.35 293.64 293.92 293.40 293.83 292.92 293.05 292.78 294.00 293.12 293.21 293.09 292.97 294.05 292.69 293.03 294.05 292.99 292.82 293.22 293.00 294.02 293.30 293.65 292.96 293.06 293.18 293.78 293.77 293.34 293.58 293.81 292.70 293.02 293.01 293.18 292.97 293.63 292.88 293.04 293.79 293.53 293.71 293.31 292.70 293.28 294.03 293.49 293.48 292.84 294.03 292.85 292.75 293.49 293.25 293.05 293.16 294.03 293.98 294.01 293.67 292.68 293.55 292.97 293.82 293.19 293.88 293.67 293.78 293.38 293.72 293.85 293.14 293.94 293.19 293.07 293.57 293.61 293.80 292.85 292.68 293.55 293.45 293.05 293.37 293.05 292.74 293.40
292.94 293.46 292.87 292.91 293.77 292.67 293.71 294.07 293.28 292.75 293.12 293.85 293.72 292.75 293.41 293.52 294.01 293.14 293.59 293.50 292.64 292.64 294.06 293.97 292.88 292.96 293.32 293.66 293.35 293.18 293.13 293.84 292.78 293.27 293.98 293.91 293.44 293.94 293.57 293.37 292.64 292.89 292.71 292.63 293.90 293.33 293.86 293.21 292.97 292.88 293.94 293.59 293.04 292.71 293.73 292.82 293.94 292.68 293.77 293.41 293.35 293.77 293.05 293.41 292.70 293.09 292.88 293.38 293.75 294.01 293.21 293.17 293.45 293.66 293.28 292.78 293.50 293.75 293.25 293.11 293.67 293.14 292.89 293.71 292.73 293.22 293.15 292.65 293.65 293.35 293.39 293.79 292.69 293.98 293.39 293.53 294.03 293.02 293.44 293.12 293.24 292.86 293.39 293.85 293.54 294.10 293.18 293.13 293.67 293.23 293.14 293.35 293.01 293.71 293.09 293.56 293.20 293.13 292.73 293.11 294.10 292.85 293.66 293.88 292.98 293.83 293.07 293.26 292.89 292.90 292.83 293.33 292.73 293.04 292.77 293.76 294.12 293.01 292.73 293.35 293.19 293.44 293.88 293.28 292.86 293.23 294.10 294.05 292.81 293.46 293.50 293.62 292.79 293.51 293.14 293.94 293.89 293.85 293.33 293.32
293.52 292.79 293.30 293.33 293.32 293.44 292.78 293.56 292.69 293.64 293.69 292.71 293.07 293.01 293.81 293.49 293.26 292.65 293.30 293.17 293.81 293.98 294.05 293.13 292.67 294.03 293.28 293.91 293.51 293.59 293.60 293.08 292.77 293.24 293.28 293.67 293.51 293.80 293.77 293.38 293.25 292.65 292.74 293.07 293.32 293.38 293.48 293.02 292.70 293.65 292.93 292.70 293.22 293.37 292.72 293.96 293.72 293.77 292.72 293.90 292.63 292.84 294.08 293.23 292.70 292.96 293.79 293.30 292.99 292.99 293.13 294.10 292.65 292.68 293.71 293.53 293.87 292.69 293.78 293.70 292.70 293.17 293.54 293.31 293.56 293.85 293.48 293.45 293.47 292.69 293.66 293.71 293.26 292.97 293.22 293.22 293.90 293.14 293.84 292.97 293.74 292.80 293.12 293.92 293.13 292.99 292.70 293.21 292.97 292.73 292.94 293.39 293.98 293.98 293.32 293.75 293.19 293.56 293.24 294.11 292.77 293.09 292.99 292.71 293.66 292.88 293.91 293.53 293.80 293.31 292.95 293.86 293.80 292.73 292.63 293.78 293.20 293.81 293.01 293.24 293.37 294.01 292.90 292.70 293.69 293.21 293.79 293.84 292.77 292.73 293.70 293.29 293.62 293.61 292.96 292.69 293.22 293.49 293.67 292.87
292.69 293.98 293.30 294.03 294.09 293.81 293.97 293.15 293.38 292.89 293.01 293.86 293.30 293.64 293.76 292.77 293.30 293.21 292.77 293.47 292.94 293.26 293.61 293.33 293.89 292.95 292.68 293.59 292.74 293.61 294.09 292.90 292.72 293.25 293.88 292.75 293.21 292.85 293.51 293.62 293.15 293.59 293.09 293.35 293.93 293.21 293.10 293.32 292.94 293.01 293.48 292.76 292.80 293.85 293.86 293.25 293.30 292.70 292.84 293.68 293.50 293.57 293.57 292.81 292.95 293.10 292.67 293.48 293.52 293.23 293.36 292.83 292.64 293.14 293.00 293.92 292.73 293.98 293.60 293.59 293.47 293.36 292.75 294.11 293.15 293.43 293.81 293.63 294.09 293.74 293.77 292.85 293.02 293.45 294.02 293.73 293.48 293.96 292.88 292.98 292.64 293.33 294.03 293.01 293.42 293.63 293.59 293.89 293.55 293.91 293.88 292.89 293.98 292.78 293.83 293.86 292.94 293.25 292.90 293.96 293.41 292.73 293.55 294.07 292.65 292.88 292.96 293.47 292.95 293.07 292.98 293.23 293.85 293.16 293.29 292.80 292.80 293.47 293.58 293.80 292.66 293.72 293.38 293.85 292.72 293.91 293.52 293.43 292.65 293.04 293.22 293.19 293.11 292.86 293.06 293.80 293.58 293.12 293.79 292.75
293.68 293.48 293.82 293.54 294.05 292.94 292.92 293.39 293.40 292.71 293.27 293.12 293.92 294.10 293.05 294.09 293.71 293.93 293.00 294.05 293.94 293.57 293.33 293.67 292.66 293.26 293.43 293.69 293.40 292.90 293.04 293.15 292.99 293.91 293.69 293.15 293.03 292.84 293.68 292.87 293.21 293.67 293.36 293.32 293.08 293.82 293.71 293.27 293.05 292.64 293.78 293.35 293.18 294.00 292.71 292.96 293.74 293.60 293.49 293.64 293.88 293.24 293.47 294.03 293.27 293.27 293.64 292.76 292.79 292.94 293.43 292.82 292.89 292.93 293.67 292.71 293.71 293.00 294.04 293.78 293.74 293.12 292.72 293.65 293.74 294.10 293.07 293.13 292.76 294.00 293.27 293.12 293.36 293.32 293.90 293.36 293.91 293.49 293.44 293.00 293.39 293.72 293.41 293.23 293.77 293.38 292.93 292.72 293.68 293.36 293.80 293.17 292.77 293.34 293.79 294.09 293.94 294.03 293.88 293.63 294.07 293.64 293.93 293.03 293.89 293.57 292.73 292.78 293.64 294.11 293.48 294.07 292.96 294.08 292.83 293.04 293.59 293.25 293.56 293.49 293.47 293.05 293.32 293.05 294.00 293.06 294.01 293.88 293.98 292.83 293.76 293.40 293.44 293.69 294.08 292.70 294.07 294.10 292.68 293.88
293.35 293.92 293.21 293.50 293.71 293.73 292.88 293.37 293.49 293.11 293.56 293.15 293.30 292.69 292.76 293.21 293.54 293.48 293.88 293.39 292.89 293.60 293.09 293.66 293.96 293.73 293.10 293.51 293.42 293.75 294.00 292.90 292.86 293.64 293.97 293.78 294.01 292.68 293.17 293.86 292.65 293.82 292.97 292.99 293.36 293.96 293.26 292.73 292.81 293.48 292.73 293.91 293.84 294.07 293.08 293.04 293.95 292.85 293.75 293.31 292.81 293.86 292.98 293.10 293.55 293.67 293.76 293.29 293.09 293.11 292.68 293.42 292.63 292.71 292.76 293.17 293.30 293.93 293.96 293.77 292.92 293.41 292.93 293.15 293.06 293.22 293.62 293.99 293.09 293.17 293.86 293.52 293.16 293.15 294.01 293.54 293.49 292.84 293.09 294.11 293.94 294.06 293.45 292.95 293.62 293.19 292.78 293.86 293.48 293.94 293.56 293.99 292.86 293.68 292.90 292.80 293.98 293.23 294.10 292.84 292.87 292.88 293.95 293.66 293.72 293.60 293.14 293.80 294.10 292.83 293.81 294.00 293.44 293.61 293.53 292.91 292.65 293.88 293.00 293.26 293.17 294.00 292.65 293.56 293.23 292.97 292.95 294.03 293.57 293.14 293.53 293.23 293.07 293.59 293.12 292.73 294.06 293.86 292.89 292.83
293.04 292.84 293.95 293.45 293.55 293.12 293.55 293.68 293.96 293.48 294.06 293.21 293.77 292.66 293.50 293.29 292.79 293.09 292.81 294.05 293.65 293.15 293.29 293.20 293.39 293.97 293.52 293.14 293.40 294.06 292.78 293.67 294.03 293.48 293.90 292.80 292.89 292.78 293.61 293.58 293.79 293.38 294.12 293.18 293.52 294.01 293.41 292.98 293.19 293.14 292.77 293.49 293.05 293.92 292.76 293.72 293.70 292.87 292.94 292.72 293.58 293.42 294.10 292.89 292.86 292.83 293.78 292.74 293.86 292.92 293.50 293.63 293.48 293.95 293.61 293.98 293.66 293.53 292.68 292.73 293.62 292.69 293.19 293.31 293.65 294.10 292.68 293.10 293.72 293.63 293.24 292.69 293.58 294.02 293.84 292.70 292.99 293.05 293.24 293.60 293.49 293.60 293.56 294.11 293.29 293.07 293.85 293.10 293.62 293.64 293.53 293.91 293.24 293.50 292.71 293.14 292.95 293.60 293.50 293.42 293.46 293.67 293.28 293.55 293.78 292.83 293.31 293.45 293.43 293.66 293.81 293.37 293.49 293.88 293.76 293.78 293.92 293.52 293.75 293.80 294.12 292.76 293.44 292.79 294.00 292.66 293.50 293.73 293.87 293.92 293.15 293.41 293.02 293.14 292.73 293.83 293.82 294.10 292.93 293.10
293.39 292.80 293.81 293.52 292.93 293.56 293.62 292.63 293.75 292.76 293.03 293.26 293.91 293.65 293.52 293.51 293.67 293.65 292.86 292.67 293.34 293.37 293.45 293.83 293.92 293.16 292.84 294.07 293.67 293.28 293.34 293.71 293.38 293.99 292.91 293.96 294.02 293.61 293.07 293.51 292.68 292.91 293.34 294.01 293.76 293.33 294.05 293.31 293.89 293.49 293.68 292.94 293.57 294.06 294.08 293.98 293.71 292.84 293.75 292.98 293.38 292.82 293.07 293.79 293.50 293.84 293.41 293.69 293.07 294.03 293.71 293.64 294.03 293.44 293.61 293.49 293.21 292.80 294.09 293.28 292.94 293.05 293.22 293.73 293.14 292.80 292.63 293.44 293.56 292.69 293.40 292.73 292.74 293.24 292.76 292.93 293.61 294.10 293.59 293.58 293.27 292.69 292.85 293.85 292.88 292.99 293.70 293.55 293.30 292.72 294.10 292.71 292.66 293.20 294.07 293.60 292.81 292.92 293.81 293.85 292.74 293.09 292.89 292.77 293.06 293.12 293.13 293.27 293.49 293.33 293.41 293.05 293.33 292.73 293.03 292.74 293.18 292.86 292.72 294.08 293.38 293.54 293.35 293.25 293.18 293.94 292.90 293.86 292.87 293.68 292.85 293.19 293.40 293.91 292.81 294.05 293.02 293.37 293.76 294.06
293.46 293.91 293.53 293.82 292.95 293.70 293.02 293.31 293.54 293.89 292.82 292.79 293.92 293.54 293.59 293.14 293.91 293.10 294.09 293.60 292.91 293.96 293.80 293.14 293.64 292.80 292.90 293.10 292.81 292.75 293.10 293.57 292.88 293.59 292.98 293.09 293.70 293.46 292.85 292.82 293.69 293.42 293.40 292.66 292.87 293.36 292.84 293.67 293.83 293.99 292.92 294.01 293.30 293.91 293.88 292.87 293.92 293.78 294.12 293.41 293.60 293.92 292.99 294.04 293.87 293.62 292.71 294.09 292.66 293.98 293.58 293.43 294.12 293.96 293.41 293.88 293.22 293.21 293.82 292.72 293.80 293.63 293.68 293.41 293.91 293.20 293.14 293.43 292.65 292.99 293.86 294.08 293.37 293.53 292.89 293.99 293.04 293.81 292.72 293.37 292.84 293.36 293.13 293.92 294.04 293.41 293.73 292.63 293.95 293.73 293.17 293.04 293.47 293.64 293.05 292.78 293.84 293.93 293.61 293.35 292.76 293.89 292.68 293.66 293.92 293.70 293.95 292.97 293.12 293.36 293.52 293.49 293.36 293.55 293.93 293.11 293.42 292.69 293.95 293.73 293.93 292.84 292.78 292.99 292.75 293.02 293.69 293.36 293.79 293.33 292.81 293.95 293.75 294.01 293.94 293.81 293.90 294.10 293.79 293.75
292.97 293.93 293.62 292.84 294.02 293.06 292.81 292.92 292.90 294.02 293.02 293.86 293.43 293.19 293.31 293.63 293.64 293.68 293.43 292.65 293.14 293.97 294.00 292.63 294.00 292.84 293.97 293.16 294.07 294.05 293.69 293.51 294.01 293.96 292.64 293.17 293.88 293.14 293.27 293.07 292.88 293.47 292.86 293.41 293.93 293.24 292.70 293.98 293.87 292.87 293.89 293.58 293.16 293.27 293.52 293.83 293.66 292.81 293.92 293.31 292.76 292.96 293.16 292.70 293.97 293.80 293.80 292.98 294.11 293.25 293.57 293.00 293.82 293.93 293.46 293.90 292.68 293.56 293.40 294.07 293.76 293.60 293.39 293.46 293.09 293.60 293.60 292.67 292.98 294.12 293.36 293.59 293.07 293.78 292.95 292.96 293.57 294.04 292.85 293.35 293.05 292.73 293.15 293.50 294.12 293.78 293.86 292.64 292.98 293.11 293.12 293.91 293.41 293.36 293.19 293.99 293.55 293.80 293.02 293.41 293.60 293.14 293.88 292.67 293.99 293.47 293.98 293.49 293.40 293.90 293.04 293.46 293.80 294.02 293.01 293.97 293.47 292.83 292.76 293.04 292.82 293.86 292.65 292.64 292.84 293.52 293.96 294.05 292.92 293.33 293.51 293.72 294.09 293.83 293.89 293.63 292.82 292.63 293.79 292.99
294.12 293.27 292.65 292.97 293.11 293.50 293.84 293.53 292.90 294.00 293.52 293.78 293.36 292.65 293.59 293.86 294.02 293.98 293.35 292.96 293.36 293.38 293.96 293.90 293.91 292.83 293.35 293.19 293.50 293.15 292.86 292.78 292.93 293.19 294.00 293.11 292.89 292.93 293.05 293.56 293.85 293.72 293.75 293.80 293.69 294.11 293.79 292.90 293.58 294.07 293.15 293.06 293.93 293.80 293.07 292.85 293.40 292.73 294.05 293.30 293.68 293.68 292.75 293.91 293.58 293.22 293.26 293.93 292.98 293.45 292.95 293.90 293.52 293.57 293.82 294.00 293.66 293.16 294.09 293.49 293.78 293.56 294.07 292.65 293.87 293.55 293.67 293.96 293.56 293.73 293.32 293.70 292.67 292.97 293.62 294.12 292.77 293.81 293.99 293.36 293.62 293.45 293.82 293.67 293.95 293.35 292.96 293.14 292.68 293.96 293.27 292.87 293.27 294.01 293.66 293.58 292.98 293.48 294.09 293.59 293.93 293.06 292.63 293.93 292.63 292.82 294.12 293.89 292.70 293.85 293.79 293.00 292.73 293.64 293.91 293.87 293.14 293.90 294.08 293.88 292.71 293.81 293.10 292.75 293.98 292.96 292.94 293.38 293.87 293.89 293.82 293.68 292.69 292.70 293.84 293.48 293.99 293.83 293.34 293.25
293.31 292.70 293.28 292.65 292.65 292.74 292.67 293.68 293.38 293.06 293.14 293.11 294.04 293.54 293.87 293.31 293.39 293.89 292.82 292.72 293.00 293.91 293.38 293.68 292.76 293.38 293.42 293.75 292.90 293.75 293.67 293.52 294.10 293.88 293.25 293.97 293.96 293.79 293.73 293.61 293.95 293.81 293.24 293.68 292.78 293.70 293.57 293.18 293.31 292.91 293.99 293.28 293.96 293.07 293.47 294.02 293.83 293.82 292.83 294.07 292.93 293.75 292.70 293.59 293.83 293.90 293.09 293.65 293.60 293.86 293.38 293.76 294.10 293.82 293.26 293.70 293.92 293.95 294.06 293.36 292.98 293.09 292.98 293.97 293.19 293.95 293.03 293.87 293.96 293.93 292.76 293.91 292.85 292.89 292.64 292.88 292.80 293.99 294.12 293.68 293.01 293.98 293.40 292.64 293.96 292.81 293.31 293.59 293.39 293.49 292.67 293.27 293.90 293.98 293.81 293.38 293.19 293.07 292.63 292.96 293.60 292.98 293.10 293.30 293.28 294.04 293.30 293.15 293.99 292.74 294.10 292.64 293.62 293.44 293.32 293.91 293.29 293.59 293.28 292.87 292.82 293.08 293.02 293.27 293.26 292.73 293.22 293.16 293.43 293.45 293.65 293.42 293.50 293.17 293.27 293.64 293.44 293.23 293.03 293.36
293.83 293.89 294.06 292.69 293.83 294.08 293.15 293.39 292.98 293.76 292.83 293.74 292.86 292.78 292.78 293.05 293.00 292.86 293.94 293.02 293.08 294.00 293.22 292.84 293.33 293.41 293.34 293.25 293.08 292.90 293.10 293.81 293.91 292.75 293.48 292.68 292.68 292.73 293.79 292.71 293.18 294.10 292.90 293.02 293.28 293.21 293.51 293.20 292.99 293.65 292.76 293.04 292.71 294.11 293.08 293.58 292.76 293.64 292.68 293.60 293.93 293.91 293.85 293.68 293.69 292.89 293.46 293.97 294.07 293.87 293.43 293.05 293.47 293.07 292.64 293.60 293.95 293.03 293.68 293.55 292.64 293.13 292.97 293.77 293.32 293.68 293.18 293.18 293.23 292.64 292.74 293.30 293.09 292.89 293.94 292.64 294.08 293.86 293.56 293.26 293.59 293.83 293.77 292.95 294.00 293.82 293.35 293.69 292.72 292.90 293.35 294.03 292.79 293.54 292.94 292.88 292.63 293.46 294.08 293.08 293.69 293.56 293.45 292.65 292.77 293.66 293.73 293.71 293.65 293.46 293.52 293.95 293.22 293.20 293.07 292.87 293.82 292.86 294.07 292.87 293.66 292.65 293.65 293.08 293.62 292.78 293.91 293.89 293.30 294.11 292.75 292.70 292.83 293.84 294.04 292.64 293.49 293.09 293.51 293.42
293.88 293.57 293.22 293.55 293.50 294.08 292.84 293.22 293.77 293.91 293.16 293.41 293.82 293.25 292.70 293.90 293.46 293.35 294.09 293.52 293.08 293.26 293.56 293.97 293.99 292.72 293.16 293.11 292.74 292.76 293.14 292.79 293.58 294.08 294.05 293.44 293.46 292.79 293.12 292.68 294.00 294.08 293.05 293.94 293.60 293.50 293.16 293.92 293.76 293.95 293.76 292.86 293.68 293.96 293.60 293.79 293.45 293.76 292.91 293.68 293.10 293.52 292.78 294.11 293.55 292.69 293.39 292.97 293.08 293.89 293.67 293.51 293.77 294.02 293.11 293.10 293.79 294.01 293.94 293.86 292.67 292.84 292.68 292.90 293.44 292.74 293.37 293.00 293.82 293.30 293.34 292.71 293.41 293.90 293.94 293.40 292.87 293.39 293.18 294.00 293.75 292.87 293.66 292.75 293.46 293.73 293.41 293.39 294.08 293.53 293.23 293.76 293.27 293.05 293.78 293.81 292.93 293.19 293.35 293.67 293.41 292.91 293.42 294.03 293.89 293.55 293.89 293.10 292.70 293.69 293.84 293.72 293.31 292.70 292.80 293.17 293.12 293.75 293.05 293.26 293.65 292.87 293.21 294.05 293.67 293.07 293.89 293.38 292.65 293.31 293.97 293.54 292.71 293.50 293.23 293.11 293.57 293.33 293.14 294.00
293.75 292.66 293.59 292.79 292.86 293.87 292.91 293.92 292.86 293.43 292.74 292.77 293.56 292.70 294.03 293.51 293.72 293.49 293.46 292.77 293.87 293.20 293.60 293.44 293.51 293.05 293.27 293.30 293.96 293.75 293.13 293.40 293.15 293.08 294.07 293.50 292.94 294.02 293.19 294.06 292.70 293.92 293.98 293.70 292.77 293.92 292.65 293.22 293.92 292.65 292.88 292.64 293.42 293.62 293.62 292.91 292.90 293.48 293.52 293.26 293.99 293.27 293.99 293.92 293.12 293.48 293.07 293.07 292.81 292.94 293.14 293.20 292.89 292.84 293.78 293.56 292.71 293.17 294.01 293.47 293.99 293.22 293.92 294.06 293.66 293.23 292.77 293.37 293.96 292.83 293.87 292.77 293.44 293.74 292.89 292.96 293.18 293.95 293.92 294.00 293.71 292.94 293.65 293.46 293.40 293.45 294.07 293.15 294.02 293.28 293.21 293.30 293.28 292.82 292.67 293.41 292.96 293.56 293.51 293.18 292.74 293.06 293.02 292.92 293.48 294.00 293.22 292.82 292.80 293.14 293.49 293.57 292.68 293.85 293.22 293.29 293.24 293.79 293.78 293.32 292.99 292.71 293.88 292.96 293.79 292.93 293.17 293.69 292.73 293.80 292.99 293.22 292.75 293.31 293.58 294.02 292.79 293.51 293.49 292.77
293.98 293.61 293.77 293.22 292.99 292.81 292.95 293.54 293.65 293.64 293.73 294.00 293.23 293.12 293.32 293.91 293.42 293.36 292.85 293.19 293.07 293.98 293.99 293.05 293.56 292.70 292.71 293.35 293.33 293.37 293.24 293.99 293.73 294.07 293.53 293.95 293.86 293.78 293.77 293.20 293.76 292.94 292.75 293.28 293.11 293.22 293.53 292.75 293.39 293.12 292.71 292.83 293.19 293.97 293.51 293.24 292.71 293.72 293.60 293.41 293.52 292.65 293.04 292.92 293.57 293.17 293.44 292.99 292.77 293.48 293.68 292.70 294.11 293.58 292.71 294.05 293.85 293.05 293.21 293.87 293.76 294.05 292.88 292.84 293.39 293.60 293.11 294.07 293.83 293.98 294.12 293.17 293.88 293.77 292.93 293.82 292.74 293.46 293.11 293.79 292.64 293.85 293.26 293.31 292.74 292.94 292.65 292.71 293.98 293.19 292.98 293.30 293.22 293.13 294.12 293.18 292.96 293.27 292.76 292.96 293.72 292.72 293.68 294.12 292.96 293.59 293.39 293.77 293.06 293.21 294.06 294.07 292.74 293.83 293.64 293.21 293.97 293.30 293.28 293.72 293.04 293.86 293.39 293.88 293.83 293.16 293.39 292.75 293.72 293.97 292.94 294.07 294.08 292.92 293.59 294.08 293.95 293.84 293.38 293.30
293.55 293.28 293.25 294.02 293.95 294.06 293.53 293.10 293.48 292.96 292.67 293.06 292.72 293.97 293.38 293.37 293.39 293.89 293.53 293.87 293.87 292.87 293.12 293.67 294.04 293.93 292.97 292.80 293.59 293.13 293.68 293.25 292.64 293.59 293.67 293.28 292.69 293.42 293.36 293.33 293.33 293.44 293.44 293.15 293.28 293.92 293.60 293.66 293.42 293.11 293.98 293.79 293.68 293.52 293.24 292.81 294.09 292.92 293.15 293.05 293.93 293.62 293.96 292.97 293.85 294.06 293.66 293.73 293.24 293.97 293.33 294.03 293.75 293.65 294.10 293.67 293.16 293.28 292.71 293.50 293.88 293.49 292.86 293.73 292.97 293.68 293.31 293.73 292.65 294.04 294.09 292.99 294.00 292.90 292.96 293.83 293.89 293.21 293.09 294.10 293.57 294.06 293.07 294.11 293.76 293.33 292.88 293.45 293.83 292.99 293.03 293.66 292.63 293.86 293.13 292.77 294.11 293.97 293.55 292.99 292.78 293.47 293.84 293.40 293.97 293.74 294.06 292.69 293.75 292.98 292.70 294.12 292.86 293.70 293.43 293.63 292.78 292.86 292.76 293.93 293.12 292.91 293.78 293.10 293.51 293.87 292.74 293.74 293.43 294.04 292.66 294.11 293.11 293.33 293.70 293.71 293.30 293.26 292.79 293.09
293.45 293.65 293.18 293.08 293.90 294.12 292.74 294.07 293.49 293.27 293.20 293.70 293.18 293.53 293.82 292.69 292.74 293.05 294.00 294.02 293.41 293.67 292.66 293.66 293.03 293.72 294.07 293.98 293.20 293.44 293.86 292.91 292.76 293.37 293.78 294.01 293.16 293.53 293.75 292.90 293.02 293.96 294.01 292.81 293.01 293.47 293.25 293.72 292.95 292.89 293.51 293.17 293.09 292.90 293.68 292.64 292.71 293.84 293.62 293.71 293.33 293.98 293.28 292.80 294.05 293.65 293.73 293.73 293.44 294.08 292.93 293.03 293.14 292.86 293.39 292.66 292.82 293.03 293.36 293.70 292.83 293.38 293.24 293.51 292.64 292.93 294.05 292.77 293.55 292.84 292.70 293.94 293.93 293.73 292.73 292.84 292.84 293.16 294.11 293.48 293.78 293.67 293.94 293.04 293.21 292.91 293.66 293.21 293.41 292.90 293.91 293.10 294.00 293.37 293.94 293.22 293.81 293.28 292.66 293.43 293.71 293.15 294.10 292.79 293.91 294.09 292.81 293.40 294.10 293.32 293.97 293.84 293.90 292.84 293.38 293.10 294.10 293.79 292.97 293.59 293.91 292.83 293.59 293.68 293.73 293.47 293.96 293.95 293.12 293.13 293.51 294.03 293.09 293.51 293.42 292.92 292.94 293.96 293.97 292.93
292.74 292.79 293.79 292.69 293.11 294.08 293.78 294.05 293.21 293.53 293.91 293.44 292.97 292.93 293.20 293.86 292.78 293.57 293.13 292.97 294.02 294.11 293.57 292.77 292.98 294.03 293.00 293.36 293.70 293.98 293.72 292.85 292.63 293.37 293.21 293.10 293.60 292.65 293.23 293.30 293.49 294.01 292.98 293.55 293.80 293.98 293.07 293.72 293.22 293.72 293.81 293.97 292.89 293.15 293.67 293.00 293.82 292.85 293.33 293.62 292.95 293.59 293.08 294.09 293.94 293.64 293.63 293.58 293.05 293.29 292.98 293.93 293.63 293.02 293.09 293.91 293.59 294.01 293.04 292.96 293.42 293.11 292.83 292.92 293.86 293.93 292.71 294.05 293.12 293.05 293.82 293.56 293.45 292.83 293.04 293.98 294.06 293.18 293.72 293.51 293.62 293.28 293.66 293.89 293.82 293.67 292.82 293.00 293.02 292.98 293.81 292.80 293.25 292.75 292.79 293.31 293.78 292.83 293.88 292.81 292.89 293.30 292.92 293.81 293.89 292.85 293.79 292.63 293.99 292.67 293.42 293.27 294.12 293.59 292.90 293.40 294.04 294.08 292.95 293.83 293.02 292.67 292.92 292.96 293.63 293.01 294.09 293.12 292.98 292.68 293.40 293.61 292.89 293.09 293.88 293.80 293.74 294.06 292.69 292.73
292.99 293.08 293.32 292.74 294.03 293.79 293.56 292.70 293.95 293.67 292.70 292.84 294.05 294.03 293.08 293.29 293.66 294.02 294.08 294.10 292.74 292.84 294.00 293.55 293.68 292.93 293.33 294.05 293.84 293.49 293.55 293.93 293.43 292.79 292.70 293.76 292.81 292.64 292.91 293.24 293.04 293.23 293.31 293.14 293.06 293.12 294.02 293.43 292.73 292.64 292.85 293.08 292.90 292.92 292.71 293.20 292.98 294.08 293.80 293.01 293.45 293.20 293.86 293.23 293.46 292.74 293.04 292.82 293.43 294.06 292.98 293.86 293.40 292.93 293.16 293.85 293.39 293.26 293.34 293.72 294.02 293.71 293.71 292.78 293.44 293.66 294.10 292.73 292.79 294.07 293.00 292.65 293.90 293.77 292.75 293.92 293.51 293.18 292.85 293.85 293.56 293.86 292.70 292.71 293.64 293.38 294.09 292.69 292.91 293.30 292.80 293.29 293.02 292.66 293.16 293.64 293.06 294.01 293.96 293.26 292.78 294.09 293.96 293.52 294.12 293.75 292.65 293.93 294.09 293.98 292.95 293.38 293.92 293.03 292.87 293.65 292.72 293.53 292.71 293.41 293.12 293.44 293.04 293.58 292.74 293.15 293.37 293.24 293.56 293.16 292.76 293.81 293.21 293.93 293.81 293.50 292.99 292.98 293.39 292.74
293.15 293.68 292.81 293.95 292.98 293.71 292.85 293.14 292.92 293.81 292.69 293.60 293.78 293.38 293.82 293.27 292.85 293.00 293.68 293.88 292.68 293.91 293.11 293.50 293.86 293.30 293.08 294.11 292.74 293.52 293.84 292.81 293.84 292.90 293.67 293.30 293.93 293.27 293.47 292.95 292.83 293.20 292.74 292.90 293.42 293.90 293.11 292.63 293.58 294.04 293.73 293.70 293.74 294.07 293.37 294.09 293.40 293.92 293.30 293.69 293.98 293.43 292.96 293.58 293.78 293.72 293.12 293.13 293.26 293.45 293.75 293.52 293.10 293.31 293.10 292.70 294.00 293.77 293.33 293.13 294.01 293.18 293.28 292.67 293.96 293.47 293.35 293.62 293.71 293.23 294.09 293.27 293.88 293.17 293.29 293.93 293.89 292.87 292.80 293.21 293.32 293.93 292.63 292.71 293.97 292.77 294.03 293.84 293.70 293.29 292.72 292.82 293.83 293.29 292.73 293.02 293.97 292.96 293.91 292.80 293.06 293.45 292.73 292.67 293.39 294.08 293.81 293.19 293.96 293.16 293.37 293.60 293.83 293.54 293.22 293.16 293.21 294.00 294.00 294.10 292.86 293.96 292.99 292.82 293.45 294.00 293.26 293.85 293.72 293.05 293.29 293.20 293.36 293.96 293.97 293.93 293.68 293.49 294.03 293.56
293.43 292.77 293.64 293.91 293.99 293.33 293.27 293.11 293.09 292.91 294.01 292.96 293.93 292.98 292.82 293.51 293.22 292.93 292.85 293.07 293.19 293.44 293.02 292.87 294.09 293.45 292.79 292.72 293.11 293.28 293.11 294.06 293.31 293.52 293.17 294.06 293.44 293.13 293.15 293.51 293.57 293.78 292.64 292.83 292.75 294.12 293.95 293.92 293.75 293.21 293.00 292.89 292.88 292.71 293.55 293.42 292.70 293.84 293.36 293.63 294.05 293.74 293.83 293.40 292.92 292.69 293.49 293.19 292.79 293.20 293.60 293.84 292.72 292.98 293.06 293.22 293.58 292.93 294.06 293.57 294.08 293.61 292.93 293.18 293.05 292.95 292.73 292.76 293.05 293.08 293.96 293.13 293.67 293.81 294.12 293.80 293.37 293.86 293.05 293.87 293.01 293.89 292.67 293.52 293.84 294.04 293.77 293.01 293.49 294.11 292.87 293.34 293.58 293.24 293.48 293.05 293.67 293.21 293.36 293.86 293.09 292.89 293.77 293.57 293.44 293.38 292.83 292.94 293.32 292.98 293.02 293.04 293.86 293.49 294.06 293.56 292.92 293.02 293.82 293.53 293.55 293.00 293.88 293.92 293.33 294.02 293.86 292.79 292.92 293.09 293.02 293.98 293.82 293.27 293.13 294.00 293.41 292.86 292.63 293.32
293.58 293.73 293.50 293.73 294.05 293.95 293.86 292.82 293.40 293.37 293.19 292.78 293.53 293.02 293.76 293.43 292.75 293.84 292.66 292.84 293.36 293.92 293.42 294.01 293.55 293.59 292.82 293.91 293.33 293.11 292.85 292.95 292.66 293.07 293.12 293.60 293.53 293.99 292.89 293.48 294.03 292.65 293.00 292.71 293.62 293.83 292.91 293.88 294.06 294.03 293.16 293.31 294.06 293.81 293.50 294.00 293.80 293.63 294.05 293.27 292.83 293.47 293.35 292.74 292.77 292.70 293.52 293.76 292.94 293.58 293.80 293.50 293.26 293.26 293.23 293.37 293.53 293.25 293.94 293.22 293.55 292.76 293.11 293.98 293.31 293.75 293.13 293.75 294.02 293.68 292.63 293.74 293.94 293.26 293.37 293.61 293.64 293.37 293.13 293.29 293.52 293.60 293.41 293.82 292.81 293.05 293.69 293.95 293.47 293.79 293.82 292.92 292.99 294.04 293.91 292.97 293.37 293.72 292.64 292.98 293.35 293.11 293.60 292.91 293.45 293.37 292.88 292.70 293.04 292.70 292.79 293.44 293.81 293.03 293.30 293.86 294.05 293.60 294.03 293.82 294.06 292.65 294.10 293.62 293.29 294.02 292.78 293.28 293.11 292.96 293.87 293.72 294.00 294.01 292.73 293.16 292.66 293.21 293.84 292.81
293.66 293.69 294.06 293.95 292.79 293.83 294.09 293.94 293.55 294.01 293.22 292.96 292.68 292.97 293.10 293.50 293.98 293.98 292.85 293.59 293.39 294.08 293.24 292.71 293.07 293.87 293.08 293.06 293.30 293.68 294.03 293.42 293.10 293.16 293.98 293.26 292.68 293.37 294.03 293.98 293.62 293.29 293.16 292.95 293.26 293.29 293.52 293.93 293.86 294.07 293.09 293.34 293.19 293.24 292.82 293.04 293.18 292.83 293.76 292.95 293.08 293.05 293.99 293.31 293.54 293.96 293.68 293.44 293.57 293.46 294.04 293.70 293.98 293.39 294.07 293.53 293.63 293.82 293.33 293.94 293.69 292.94 293.90 293.47 293.68 293.75 293.12 293.05 293.04 293.57 293.17 292.97 293.66 294.05 293.35 293.72 292.88 293.83 293.21 293.95 293.46 292.91 292.75 292.84 293.11 293.64 293.59 293.38 292.98 293.16 292.80 293.37 292.76 293.55 293.57 293.03 293.08 292.94 293.67 292.80 293.49 293.48 292.85 293.40 293.14 293.25 293.10 293.60 293.53 294.08 292.71 293.17 293.25 293.53 293.12 293.32 293.06 293.10 292.65 293.84 293.26 292.74 293.78 292.77 293.98 293.48 293.37 293.27 293.22 293.48 293.82 293.73 293.91 293.82 294.06 293.07 293.81 292.65 292.69 293.55
293.11 293.81 293.67 292.96 293.42 293.65 292.83 294.09 293.27 292.91 293.35 294.08 292.98 294.12 293.00 293.61 293.05 292.63 293.07 293.65 293.12 293.06 293.06 292.95 293.19 294.10 293.34 293.79 293.92 293.91 292.97 293.28 292.81 293.16 293.45 293.68 293.51 293.65 293.42 294.11 294.05 293.23 293.24 293.43 292.89 293.90 293.29 293.18 292.70 293.32 294.00 292.91 293.01 293.56 293.57 293.51 293.25 293.21 293.10 292.92 294.08 293.13 292.64 293.90 293.90 293.65 293.13 293.93 293.34 293.84 293.80 292.94 293.97 292.68 294.05 293.02 294.01 294.04 293.78 294.08 293.86 292.69 293.86 292.67 292.94 292.86 293.09 292.71 293.55 293.57 293.13 293.68 293.05 293.05 292.86 293.13 293.21 293.75 293.18 293.64 293.77 293.76 294.04 294.02 293.11 293.89 293.98 292.96 293.06 293.24 293.63 293.23 292.78 293.20 293.11 293.30 292.67 293.36 293.44 293.18 293.66 292.78 293.22 293.92 292.82 292.70 293.72 294.10 293.81 293.62 293.53 293.59 292.80 292.85 293.64 293.48 293.78 293.89 292.70 293.21 292.99 293.75 293.36 293.34 293.96 292.96 293.29 293.99 292.74 293.74 292.90 293.67 293.21 293.61 293.40 293.04 293.32 293.82 293.53 293.70
293.85 293.33 293.40 293.48 294.10 292.90 293.79 292.66 293.33 292.75 294.07 293.01 292.99 293.61 292.99 293.94 292.69 293.93 292.86 293.77 293.45 293.97 293.12 293.75 293.98 293.72 292.90 293.54 293.18 293.18 293.31 292.85 293.64 293.19 293.25 292.76 292.92 294.12 294.12 294.07 293.07 292.75 293.67 292.78 293.21 293.13 293.98 293.06 293.98 293.64 292.68 293.91 293.52 293.59 293.91 293.73 292.98 293.80 292.68 293.56 293.69 293.28 293.22 292.91 293.69 294.05 294.03 293.52 292.85 293.41 292.79 292.92 293.71 292.87 293.48 293.00 294.00 292.93 292.75 293.96 293.36 293.83 293.89 293.08 293.07 293.80 294.06 293.45 292.72 293.30 293.75 292.75 293.92 293.43 293.11 293.27 293.74 293.03 292.74 293.63 292.73 293.35 293.32 293.06 293.34 292.77 293.29 293.85 292.85 292.97 292.98 293.77 293.05 293.97 292.77 293.20 292.65 293.35 293.89 293.45 293.04 293.04 292.90 293.52 293.94 294.08 293.99 293.42 293.87 293.75 294.11 292.66 293.38 292.75 293.96 292.88 293.88 293.49 293.92 292.86 292.68 293.55 294.11 293.09 293.41 292.73 293.32 293.66 293.48 293.79 293.36 293.35 294.08 293.37 293.23 293.03 293.39 293.99 292.81 293.76
292.95 292.88 292.66 293.69 293.26 293.31 293.34 293.19 293.65 293.41 293.91 292.81 292.75 293.75 293.12 293.84 293.78 292.84 292.69 293.72 292.97 294.05 292.70 293.16 293.79 293.64 292.69 293.40 294.00 293.16 293.87 293.04 292.65 292.79 292.83 292.63 294.01 293.34 294.08 293.97 293.79 293.14 292.64 293.05 292.70 292.79 293.57 293.59 293.85 292.68 292.94 293.73 294.03 292.93 293.86 293.33 293.61 293.62 292.68 293.42 294.01 293.51 292.93 292.85 293.37 293.07 293.19 293.92 293.11 293.89 292.91 293.36 293.20 292.85 293.48 293.04 292.86 292.82 293.91 293.62 293.05 293.13 294.11 293.25 294.01 293.37 293.65 293.05 293.61 293.07 292.81 293.98 292.76 293.31 294.05 292.96 292.90 293.61 293.78 294.11 293.50 293.52 292.73 294.05 293.85 293.61 293.90 292.76 293.34 293.44 293.74 292.75 293.15 292.92 293.91 292.85 293.61 292.77 292.91 293.00 294.05 293.67 294.02 293.66 293.97 293.30 293.78 293.67 292.75 293.38 293.02 294.03 294.01 293.25 292.70 293.60 294.08 292.85 293.92 293.35 292.88 294.05 292.68 294.07 293.99 292.70 294.09 294.03 293.65 294.05 293.85 293.71 294.06 293.15 292.73 293.78 293.78 293.36 293.47 293.14
293.11 293.97 293.64 293.89 293.88 293.70 292.66 292.92 293.68 293.68 293.32 292.90 292.88 293.13 292.80 293.69 292.97 293.72 293.83 293.13 293.05 293.21 293.87 292.82 293.19 293.33 293.10 293.84 292.63 292.96 294.05 293.56 292.92 293.45 293.80 293.64 293.20 294.06 292.70 293.73 293.96 293.28 293.90 292.91 293.99 293.96 293.20 292.73 292.74 292.94 293.87 293.42 293.05 293.96 294.11 293.38 294.09 293.21 293.65 293.38 293.15 293.14 293.54 292.87 293.81 293.08 293.20 293.34 293.05 293.53 294.09 293.33 294.07 293.44 293.63 292.67 293.66 293.09 293.25 292.68 293.19 293.03 294.06 292.68 293.22 293.20 293.18 293.65 293.01 294.09 293.23 293.79 293.86 293.61 292.88 293.92 293.26 293.65 292.79 293.78 292.69 293.31 293.99 293.96 293.50 293.99 293.77 293.09 294.07 292.93 292.90 292.77 293.51 293.78 293.35 292.76 292.90 292.75 294.07 293.30 293.19 293.04 293.30 293.47 292.63 293.04 293.50 293.61 293.20 292.76 293.16 293.87 292.72 293.18 293.04 292.99 293.18 293.28 294.05 293.53 293.89 292.87 293.39 292.94 293.20 293.20 292.76 293.49 292.80 293.87 292.99 292.65 293.18 293.65 293.93 293.52 293.90 294.04 293.97 292.63
293.46 293.01 292.87 293.60 292.64 292.85 293.71 293.52 294.00 293.71 293.95 292.70 293.19 293.93 292.83 293.43 294.11 294.00 294.05 293.16 293.84 293.88 293.58 292.72 294.01 293.62 292.70 293.42 293.77 293.33 292.80 292.64 292.66 292.99 293.67 293.81 293.62 293.96 293.48 293.24 293.00 293.35 293.48 293.83 293.27 293.30 294.05 293.68 293.63 293.49 293.55 292.69 292.97 293.50 293.28 293.96 293.17 293.89 294.00 292.99 293.66 292.69 293.16 294.04 292.75 293.37 293.59 292.81 293.35 293.04 293.82 293.93 293.44 292.73 292.96 293.02 292.75 293.97 293.59 294.11 293.90 293.60 293.51 294.08 292.77 294.05 293.59 293.69 293.90 293.19 293.62 293.96 294.02 293.42 292.76 293.26 294.10 292.93 293.34 293.67 293.69 293.58 293.52 294.10 292.79 294.08 293.98 293.05 293.09 293.40 293.45 292.85 293.19 294.09 292.92 294.10 293.44 293.38 293.65 293.25 292.84 293.26 293.07 292.82 292.99 294.10 293.98 293.45 292.95 293.53 294.07 292.97 293.32 293.79 293.91 293.17 293.20 294.07 293.84 293.10 292.90 293.13 293.46 293.77 293.75 293.58 292.81 292.74 292.67 294.11 292.73 293.34 293.35 293.38 294.08 293.01 293.91 293.32 294.06 293.54
293.73 293.58 293.52 294.05 293.22 293.93 293.41 292.84 293.45 293.54 293.36 293.81 293.13 293.96 292.81 292.90 293.75 293.90 292.79 294.12 293.54 293.43 293.52 293.94 293.99 293.70 292.76 293.34 292.70 293.81 293.47 293.38 293.91 292.84 293.81 293.49 293.52 292.75 292.86 293.19 293.67 293.01 293.40 294.04 292.88 293.94 293.39 293.63 293.25 293.65 293.14 294.00 293.81 292.78 293.45 293.69 292.77 293.43 292.82 293.59 293.01 292.67 293.67 293.92 293.14 293.14 292.88 293.71 292.71 293.01 293.83 293.93 294.00 292.82 293.57 293.34 293.49 294.12 294.00 293.22 293.09 293.42 292.71 293.50 293.28 293.01 293.59 293.54 292.95 293.66 293.05 292.97 292.87 293.44 293.92 292.80 293.54 294.03 292.89 293.92 293.49 293.58 293.60 294.10 293.60 293.46 292.78 293.07 293.85 292.96 293.50 293.90 292.69 293.68 293.10 294.04 293.56 293.16 293.20 293.96 293.43 293.07 292.90 293.17 293.73 293.09 293.10 292.91 292.97 293.09 293.08 293.97 293.13 292.64 293.89 293.10 293.98 293.95 293.52 293.66 292.88 293.05 292.65 292.63 293.73 292.93 293.64 293.63 293.26 293.58 293.11 292.97 294.12 292.70 293.44 293.57 292.89 293.46 293.47 293.76
293.48 293.19 293.82 293.93 293.52 292.71 293.94 294.01 293.10 292.84 294.04 293.50 293.36 293.08 293.53 293.69 293.12 292.71 293.68 293.21 293.00 293.66 293.68 292.91 293.61 293.93 293.93 292.84 294.09 293.31 293.78 294.01 292.94 292.84 293.98 293.98 293.77 292.90 294.04 293.81 292.69 293.45 294.03 293.60 293.92 293.39 293.16 292.72 293.91 292.94 293.33 294.12 293.43 293.76 294.08 293.13 293.30 292.80 293.87 293.79 292.84 292.68 292.74 292.77 293.44 293.00 292.87 292.74 293.03 293.33 292.81 294.01 293.48 292.88 292.89 293.03 293.96 292.78 293.29 293.76 293.86 293.79 294.06 293.01 294.00 293.32 293.52 292.97 293.56 293.80 293.43 292.68 292.73 294.04 292.84 292.70 293.49 293.45 293.07 293.48 293.85 293.47 293.74 293.94 293.05 292.96 293.89 293.62 293.04 292.70 293.68 292.97 293.05 293.61 294.02 293.74 293.70 293.02 293.88 293.67 292.63 292.81 293.59 293.12 294.01 294.11 293.09 293.98 293.74 293.10 293.04 292.95 293.58 293.66 293.26 293.95 293.15 293.06 293.40 293.94 292.87 293.59 293.59 292.67 293.30 293.72 293.48 293.65 294.07 293.96 293.51 292.94 293.05 293.32 292.99 293.93 293.06 293.68 294.00 293.84
293.41 293.47 294.05 293.38 292.84 293.23 293.65 294.11 293.39 292.77 293.12 293.37 292.88 292.96 293.52 293.60 293.57 292.78 293.69 292.75 293.78 293.61 293.50 293.35 294.05 293.70 293.44 294.00 293.85 292.78 292.82 293.57 293.79 292.68 293.27 293.23 293.98 292.81 293.77 293.10 293.08 293.44 293.02 294.05 293.77 292.76 293.37 292.80 292.98 292.68 294.11 292.70 294.06 293.74 294.04 293.60 293.53 293.86 293.71 292.98 293.27 293.35 293.84 293.71 293.75 292.74 292.92 293.82 293.01 293.01 293.67 293.03 292.83 292.76 293.25 292.90 293.64 293.80 293.51 293.29 292.98 293.76 293.35 292.76 293.62 292.79 294.07 293.71 293.79 293.71 293.09 292.86 293.41 293.74 293.33 293.57 292.87 292.92 293.59 293.36 292.95 294.03 292.75 292.68 293.40 293.21 293.53 294.02 293.31 293.24 293.46 292.81 292.69 293.64 292.82 293.27 292.97 292.66 293.50 292.76 293.00 293.05 293.09 293.00 293.29 293.17 293.43 292.75 293.35 294.09 293.54 293.02 293.44 292.79 292.64 292.97 293.73 293.04 292.93 292.67 292.90 293.63 293.37 293.68 293.70 293.40 293.19 294.07 293.50 292.65 293.23 293.86 293.46 293.91 293.63 293.88 293.81 293.12 293.20 292.80
293.54 293.89 293.18 293.47 292.92 293.99 292.87 292.87 292.75 292.79 293.10 293.68 294.10 294.08 292.88 292.77 292.65 292.91 293.60 293.23 293.55 292.66 293.27 293.56 292.84 293.33 292.85 292.93 293.28 293.82 293.70 293.36 292.80 293.43 293.25 292.99 292.88 293.22 293.80 293.92 294.01 293.11 293.46 293.84 293.11 293.54 292.87 293.89 293.05 293.02 293.95 293.99 293.97 293.76 293.78 293.60 292.90 293.05 293.03 292.67 294.07 294.00 293.45 292.90 294.08 293.69 293.88 292.71 293.00 292.88 293.94 293.30 293.92 293.09 293.63 293.99 292.82 293.11 293.13 293.06 293.42 293.95 293.01 294.10 293.97 293.06 294.09 293.10 293.50 292.75 293.39 293.19 293.60 293.98 293.78 293.04 292.96 292.90 293.76 292.74 293.81 294.06 293.95 292.65 293.32 293.49 293.07 293.30 292.80 293.44 293.84 293.14 293.98 293.45 293.38 293.76 293.66 292.85 293.52 293.35 293.90 293.98 292.65 293.26 293.99 292.71 293.25 294.10 294.03 294.09 292.88 292.72 293.77 293.68 293.51 293.19 293.60 292.65 293.18 292.78 293.45 292.84 293.61 292.87 293.61 293.86 293.24 293.54 293.43 293.15 293.19 293.64 293.82 293.70 293.01 292.65 293.69 294.08 293.02 293.97
293.25 293.96 293.31 292.80 292.72 292.83 293.24 293.45 293.21 293.33 292.84 293.04 293.23 294.00 293.21 294.08 293.13 294.02 293.43 293.83 292.65 293.22 293.91 293.08 292.76 293.31 293.31 293.30 293.41 293.62 293.88 293.46 292.90 293.64 292.81 294.02 293.90 293.86 293.17 293.46 293.67 293.79 293.86 292.77 293.13 292.79 294.09 293.25 293.47 293.72 292.66 293.07 293.93 292.73 293.50 292.79 293.86 292.84 293.85 293.33 293.01 293.09 293.22 293.23 293.39 293.72 292.96 293.58 292.69 293.92 293.97 293.89 294.11 292.68 293.38 292.78 292.99 292.66 293.88 293.17 293.12 294.07 293.76 293.66 292.68 293.11 292.77 292.97 293.77 294.01 292.92 294.03 292.82 293.63 292.74 293.05 293.00 292.63 293.22 293.09 293.05 293.49 293.11 293.55 293.62 292.89 293.08 294.01 293.21 293.54 293.70 294.05 292.86 292.96 292.84 292.90 293.99 293.21 292.72 293.13 294.02 294.04 293.24 293.14 293.04 293.02 293.90 292.99 293.24 293.00 292.89 293.87 293.84 293.53 293.65 293.73 293.08 292.90 294.08 293.25 292.78 293.92 292.93 293.93 293.37 293.62 294.02 293.13 293.78 293.79 292.90 292.97 293.83 293.41 293.20 294.04 293.96 293.18 294.12 293.40
294.11 293.87 294.00 293.79 293.87 293.19 293.24 293.66 292.71 292.96 293.20 292.65 293.31 293.43 293.44 293.14 293.20 294.12 292.80 293.02 293.31 293.73 293.61 292.75 293.23 293.81 294.09 293.82 292.65 293.10 294.11 292.75 293.32 293.39 293.11 293.34 293.24 293.13 293.07 293.27 293.31 292.80 293.25 292.75 293.86 293.50 292.66 293.37 294.08 292.75 293.97 293.15 294.09 294.12 293.29 293.72 293.54 292.98 293.84 292.83 293.23 294.02 293.14 293.15 293.50 293.85 293.86 293.96 292.88 294.04 293.73 293.49 292.92 293.08 292.90 293.98 293.73 292.95 292.69 292.80 293.94 292.66 293.31 293.82 293.47 293.58 293.52 293.62 294.06 293.52 294.12 292.77 292.93 292.85 293.35 293.88 293.28 293.36 293.87 292.69 292.95 293.82 292.73 292.95 293.34 294.10 292.83 292.66 293.87 293.68 293.73 293.37 293.71 293.88 293.76 293.81 292.79 293.33 293.10 293.02 294.06 293.28 292.79 294.05 293.64 293.09 293.95 293.10 293.20 293.38 292.98 293.48 293.82 292.89 293.42 293.41 294.09 294.07 293.06 293.51 293.36 293.99 293.90 293.06 293.85 293.62 293.45 293.60 293.23 293.47 293.12 294.08 292.79 293.73 292.84 292.84 293.49 293.37 293.21 293.53
293.96 293.39 293.68 293.59 292.70 293.69 292.80 293.01 293.13 293.47 293.68 293.88 293.62 292.74 293.94 294.06 293.53 292.88 294.03 293.97 293.42 293.43 293.40 293.41 293.67 292.94 292.98 293.18 292.96 293.29 293.40 293.61 292.87 293.88 293.52 293.73 294.11 293.95 292.68 294.11 293.28 293.97 293.81 293.66 293.48 293.30 293.62 293.56 293.72 292.78 292.86 293.42 292.82 292.77 292.74 293.30 292.74 293.39 293.44 293.54 293.84 293.58 293.38 293.39 293.11 293.63 294.01 292.98 292.95 293.28 293.53 294.06 293.30 293.27 293.16 292.88 293.77 292.81 293.76 293.38 293.39 292.99 293.19 293.74 293.02 293.08 293.75 293.27 293.00 293.58 293.43 293.38 292.69 293.42 293.62 292.83 292.84 293.93 293.15 292.69 294.12 293.32 293.20 293.08 294.07 292.83 293.28 293.91 293.34 293.12 293.25 292.66 293.64 293.71 293.75 293.81 293.89 293.86 293.29 293.79 292.97 292.81 293.84 293.11 293.87 293.04 293.56 293.86 293.26 292.88 293.21 293.12 294.07 293.92 293.40 293.65 292.94 292.64 293.07 293.75 292.83 293.19 294.04 293.80 293.57 293.09 293.67 293.29 292.65 292.92 292.71 293.30 293.09 293.10 293.92 292.79 294.02 293.01 292.94 293.17
293.59 293.29 293.92 293.64 293.74 292.88 293.60 292.95 294.01 293.60 294.02 293.15 292.65 293.18 293.60 293.20 293.40 293.62 293.97 293.66 293.86 293.04 292.76 292.81 293.59 294.03 294.05 293.83 293.58 293.55 293.50 293.00 293.76 292.74 293.91 293.03 292.96 292.67 292.78 293.25 293.65 293.70 293.72 293.64 293.34 293.11 292.80 292.81 292.69 293.45 293.12 292.89 293.28 292.76 292.72 293.85 293.53 293.15 292.67 292.95 293.26 293.97 293.47 293.50 293.06 292.88 294.08 293.54 292.66 293.15 293.22 292.84 293.81 293.36 293.70 293.06 292.78 293.01 292.97 292.66 293.87 292.80 293.63 293.58 294.09 293.77 293.52 292.99 293.76 293.72 293.02 293.30 293.85 292.65 292.95 293.92 293.04 293.18 292.69 292.89 293.66 294.08 293.65 293.80 293.22 293.94 293.87 292.99 293.42 293.96 293.99 293.96 293.65 293.79 293.86 292.82 293.16 293.04 293.04 293.74 293.24 293.57 293.53 293.46 293.07 293.18 294.10 293.31 293.99 292.77 293.81 293.34 293.37 293.70 293.87 294.05 293.49 293.46 293.69 293.67 293.55 293.20 293.42 293.22 293.74 292.93 293.97 292.64 293.26 293.61 293.73 293.90 293.10 292.71 292.90 293.19 293.21 293.83 294.08 292.68
292.92 293.94 293.01 293.23 293.17 292.66 294.10 292.92 292.79 293.47 293.64 293.22 293.64 293.42 293.85 293.79 292.95 294.09 293.74 292.96 294.01 292.67 293.87 292.71 293.06 293.01 294.03 293.99 293.72 293.25 293.14 293.95 293.18 293.57 293.21 294.03 292.95 293.31 294.05 293.03 293.80 293.66 293.98 293.35 292.66 293.20 292.93 293.02 293.93 293.09 293.54 294.02 292.78 292.99 292.94 293.77 294.06 293.17 292.91 293.43 293.76 292.94 293.37 293.49 293.80 292.99 293.55 294.10 293.86 293.58 293.70 293.37 294.09 292.83 292.75 293.56 292.86 293.63 292.91 293.92 293.91 293.24 293.08 292.86 292.84 293.57 293.09 293.80 293.12 292.91 293.46 293.88 293.61 292.83 293.79 293.87 293.23 293.63 294.11 293.49 293.37 294.04 293.17 293.27 293.28 292.69 292.66 293.23 292.78 292.96 293.06 292.70 292.64 293.39 294.05 293.00 293.75 294.11 293.72 293.02 293.17 292.66 293.93 293.92 292.80 293.57 294.03 293.04 292.77 292.73 293.63 293.97 292.67 293.08 293.23 292.65 293.56 292.83 292.65 294.08 293.92 293.07 293.30 293.88 293.07 293.72 292.99 292.86 293.10 293.19 293.81 293.36 293.51 293.34 293.01 293.63 293.66 293.08 293.22 293.45
293.39 293.62 293.36 294.03 293.32 294.09 293.96 293.40 293.44 293.38 293.34 293.16 293.58 293.43 293.24 294.09 292.72 293.23 294.00 292.72 293.50 293.22 292.89 293.41 292.78 294.10 294.07 292.80 293.61 294.00 293.08 293.52 293.50 293.48 293.20 292.90 293.65 293.38 293.97 293.13 293.39 293.49 293.11 293.46 292.88 292.99 293.31 293.98 292.97 293.96 294.10 293.15 292.91 293.94 292.72 292.95 293.70 293.93 293.50 293.82 292.76 293.06 293.94 292.88 293.89 293.78 293.31 293.46 294.07 292.98 293.76 292.96 293.29 294.10 293.75 293.39 293.62 292.64 294.09 292.87 293.34 293.80 293.42 293.35 293.36 293.41 292.64 293.19 293.55 293.38 292.78 292.66 293.40 292.64 293.75 293.08 293.09 293.87 293.93 293.86 293.95 293.89 293.83 293.95 293.54 292.94 293.57 292.65 293.21 293.64 293.49 292.68 294.00 294.06 292.69 293.12 292.66 293.29 294.05 292.75 292.74 292.76 293.06 293.21 292.69 293.05 292.78 293.25 292.83 292.76 293.12 293.55 292.95 293.38 293.65 293.03 292.99 293.13 292.99 293.02 293.66 293.80 293.82 293.84 293.04 292.96 293.03 293.67 292.64 293.83 294.00 292.88 293.16 293.68 293.76 293.93 293.28 294.11 293.59 292.90
292.70 293.97 292.72 293.10 293.40 293.41 293.11 292.71 293.74 292.71 293.95 292.99 293.79 292.83 293.27 293.78 292.76 293.85 293.80 292.69 293.11 293.10 293.07 293.59 293.79 292.95 292.82 293.44 292.80 293.67 293.36 292.77 292.97 293.17 293.56 293.58 293.08 293.80 293.57 292.71 293.45 293.71 293.46 292.96 293.89 293.16 293.24 292.78 292.75 292.96 292.65 294.08 293.34 293.57 292.64 294.02 292.92 293.46 293.35 293.27 292.75 292.85 293.75 292.94 293.63 292.86 294.06 293.28 293.52 293.19 293.12 292.87 293.92 293.73 293.19 293.91 292.93 293.68 293.51 293.33 293.88 292.84 293.96 293.53 292.89 293.52 293.31 292.93 293.23 292.87 293.64 292.76 293.42 292.95 293.85 293.51 292.75 293.62 293.13 293.70 293.22 293.24 292.76 292.72 293.29 294.08 293.08 293.76 294.07 292.72 293.96 293.68 293.47 292.80 292.98 292.75 293.04 293.12 294.04 293.01 292.80 292.77 292.65 294.00 293.83 293.93 292.63 293.07 292.71 293.66 292.79 293.30 293.00 293.71 293.05 294.00 293.67 293.81 293.46 293.08 292.72 293.19 294.08 294.07 293.08 293.41 293.53 293.88 293.40 293.68 293.18 293.32 293.42 292.79 292.78 293.68 292.68 292.77 293.96 293.86
292.70 293.20 292.73 293.75 293.23 294.11 293.13 293.24 293.15 293.16 292.76 293.94 292.68 293.63 294.01 293.56 293.93 293.99 293.69 292.78 293.93 293.89 294.01 293.95 293.91 293.35 293.07 293.91 293.13 293.72 293.46 293.01 292.98 292.97 292.99 293.62 293.24 293.99 292.65 294.08 292.76 294.04 293.14 293.47 293.68 292.74 292.69 294.09 293.01 293.95 294.10 292.67 292.76 292.95 292.89 293.71 292.91 293.51 293.41 293.37 292.63 293.02 292.77 292.79 292.67 293.49 292.67 293.11 292.92 293.13 293.13 293.58 292.65 294.07 293.38 293.41 293.74 293.71 293.49 292.93 292.82 292.75 293.45 292.85 293.71 293.26 294.01 293.33 293.10 293.62 293.25 293.32 293.07 293.42 292.75 293.54 293.58 293.09 293.33 293.85 293.65 292.80 294.12 293.63 293.53 292.84 293.94 293.03 293.67 293.80 293.04 292.67 293.55 292.97 293.29 293.39 293.23 293.55 293.92 294.05 292.70 293.96 293.38 293.73 293.28 292.71 293.90 293.51 293.37 293.68 293.78 293.05 293.35 292.67 293.92 293.93 293.31 293.04 293.25 293.52 293.26 292.90 293.49 293.97 293.78 292.93 293.06 293.71 292.66 293.16 293.67 293.89 293.18 293.87 292.82 293.14 293.21 293.00 293.96 293.56
292.66 293.40 293.99 292.69 292.71 293.97 292.79 293.71 293.70 293.48 293.15 293.24 293.15 294.04 293.42 293.16 293.14 293.89 294.10 293.28 292.78 294.00 293.17 294.03 292.65 294.00 292.66 293.29 293.40 293.95 293.49 292.74 294.05 292.93 292.89 292.97 293.74 293.21 293.08 293.22 294.10 292.85 293.60 294.02 293.75 294.05 293.40 293.29 293.61 293.19 293.74 292.79 292.90 293.90 293.99 293.21 293.77 293.99 293.44 293.64 292.83 293.72 293.07 292.86 293.19 293.19 293.84 293.45 292.91 294.12 292.93 293.26 293.90 293.17 293.19 293.71 293.85 293.46 292.67 293.47 293.72 293.16 292.67 293.78 292.96 293.83 293.00 293.94 293.46 293.33 293.83 293.88 293.07 293.80 294.05 293.52 293.16 293.89 292.82 294.08 293.70 293.83 294.09 293.66 294.00 293.06 293.24 292.89 292.77 293.51 294.00 293.52 293.91 293.46 293.26 293.58 292.90 293.24 293.57 292.85 293.00 293.38 292.94 292.93 293.38 292.97 293.85 293.95 293.81 293.33 292.83 293.95 293.60 293.34 293.35 293.70 293.83 293.06 293.00 293.11 292.90 294.11 293.63 293.40 293.68 293.45 292.89 293.77 293.27 293.59 293.27 293.90 293.11 293.02 293.65 292.68 293.59 294.03 294.07 293.48
293.34 292.85 293.04 293.74 293.05 292.71 293.77 293.65 293.03 293.55 293.40 293.37 293.94 293.73 293.15 293.29 294.01 292.95 293.82 293.94 293.04 293.04 293.41 293.02 293.03 292.73 293.61 292.74 292.77 293.54 294.12 292.87 293.09 292.84 292.87 292.79 293.71 292.79 293.56 292.99 293.04 293.77 293.13 293.08 293.12 292.94 293.24 292.93 292.87 293.42 293.56 293.03 293.90 293.32 293.59 293.90 293.82 293.41 292.63 293.25 293.53 293.58 292.92 293.04 292.67 292.83 293.60 292.75 293.70 293.80 293.93 293.95 292.76 292.90 293.98 293.39 293.79 293.83 292.63 293.16 292.94 292.87 293.26 292.89 292.77 293.07 293.51 292.71 293.22 293.67 293.99 293.07 294.12 293.63 293.94 292.76 293.10 293.52 293.83 293.39 293.28 292.75 293.62 293.39 293.45 293.81 292.93 292.82 293.92 292.64 293.90 293.00 293.48 293.66 293.83 293.70 293.42 293.23 293.96 293.66 293.17 292.68 293.85 293.52 292.64 293.14 293.29 292.82 292.85 293.10 293.01 293.40 292.66 292.87 294.02 293.75 293.93 292.77 293.29 293.49 293.97 293.75 293.27 292.63 293.64 292.86 293.84 293.32 292.74 292.86 293.68 293.34 293.03 293.33 292.76 293.93 293.23 293.30 293.57 293.64
293.51 294.07 293.23 293.98 292.63 292.78 292.84 292.80 294.01 294.02 292.88 293.93 293.46 293.15 293.80 293.19 293.42 293.29 293.24 292.76 292.87 293.97 293.93 292.78 292.70 293.38 293.88 293.65 293.77 293.12 293.60 293.52 294.11 292.89 293.17 293.02 293.04 293.25 293.40 293.71 293.88 293.35 292.89 293.81 293.93 293.60 294.06 293.87 293.61 293.08 294.04 292.94 293.26 294.08 293.17 293.40 293.57 293.68 293.15 293.65 293.05 292.87 293.90 292.78 292.84 293.91 293.37 293.64 293.34 293.93 294.08 293.59 293.46 292.67 293.44 293.29 293.80 293.01 294.00 294.11 294.02 292.80 293.19 293.62 293.82 292.81 293.52 293.29 293.53 293.54 293.63 293.73 293.33 292.92 293.01 292.65 294.11 294.07 293.39 294.12 293.76 294.01 293.78 292.89 293.88 293.31 293.81 293.87 293.31 293.94 293.91 293.95 292.93 293.07 292.91 293.99 293.23 293.43 292.79 293.91 293.94 293.00 292.95 293.66 292.94 293.83 293.55 294.03 294.00 293.87 293.74 292.65 293.06 293.69 293.52 293.70 293.18 292.90 293.90 293.09 293.64 293.89 293.16 292.84 293.10 293.53 293.65 293.50 293.75 293.31 293.46 293.01 292.81 292.78 293.48 293.43 293.55 292.79 293.46 293.71
293.50 293.20 293.94 293.24 293.75 292.79 294.09 293.87 293.30 293.77 292.96 293.96 293.96 293.87 293.51 293.57 293.56 293.13 293.51 293.35 293.05 292.69 293.54 292.70 293.27 292.69 292.77 293.12 293.33 293.37 293.19 293.49 293.44 293.81 293.67 293.53 293.40 293.15 293.84 294.06 292.86 292.69 293.70 293.93 292.96 292.76 293.99 293.91 293.85 294.11 293.92 293.81 294.08 292.87 293.16 292.63 293.45 293.60 293.09 292.65 293.78 292.94 293.04 293.83 292.89 293.39 293.50 293.20 292.64 293.82 293.09 293.89 292.80 292.95 293.94 293.68 293.18 293.07 293.72 293.77 293.20 294.02 292.82 292.94 293.93 293.89 293.19 292.76 293.74 293.68 293.65 293.81 293.04 292.84 293.18 292.89 293.11 293.22 292.84 294.00 294.00 293.37 293.62 292.92 292.87 293.77 293.87 292.64 293.23 293.84 293.92 293.40 293.56 294.01 293.44 293.68 293.89 292.68 292.65 293.85 293.40 293.32 292.91 293.04 292.71 293.37 292.73 293.07 293.43 293.86 293.05 292.69 293.73 292.92 293.18 293.21 293.38 293.21 292.89 292.98 292.75 293.16 293.72 293.24 292.86 293.72 293.99 293.22 293.27 292.90 292.86 293.85 292.63 294.00 293.60 293.17 293.94 293.50 293.25 292.67
293.16 292.69 293.47 292.89 293.53 293.71 293.37 292.83 293.86 293.12 293.20 293.60 292.80 293.10 293.61 293.40 293.43 293.03 293.25 293.54 293.77 292.84 292.69 293.96 294.04 293.45 293.20 292.67 293.74 293.22 292.72 294.10 293.68 293.08 293.80 293.23 293.46 293.27 293.46 294.11 293.01 293.41 292.97 292.99 293.45 294.11 293.09 293.84 293.45 293.51 293.72 293.23 294.08 293.50 294.12 293.56 293.92 293.30 293.66 293.81 293.60 293.50 293.25 293.31 292.93 293.25 292.82 293.75 293.28 293.62 293.74 293.06 293.50 293.50 292.84 293.74 293.76 293.51 292.98 293.39 293.10 294.05 293.72 293.87 292.80 292.88 292.76 293.18 293.59 293.39 292.99 293.27 293.29 293.33 292.88 292.91 293.64 293.14 293.14 293.62 293.17 292.79 293.93 293.29 293.15 294.03 292.87 293.68 293.89 294.09 292.77 293.31 293.64 293.81 293.83 293.70 293.98 293.21 293.52 292.90 292.71 293.69 293.00 292.78 293.81 293.40 293.77 294.02 294.00 293.30 293.26 293.41 293.54 293.67 294.06 292.89 293.97 293.75 293.98 293.48 293.44 292.87 292.89 292.79 292.78 294.12 292.78 292.81 293.28 294.09 293.69 293.21 293.87 293.05 292.82 293.83 293.74 293.51 292.93 293.02
293.35 294.01 293.83 293.86 293.29 293.05 293.62 293.22 293.82 293.46 293.30 292.87 292.98 292.64 293.26 293.01 292.73 293.91 293.99 293.15 293.65 293.02 293.84 293.38 293.66 293.72 293.78 294.04 293.17 294.07 293.17 293.98 293.01 293.52 292.81 293.46 293.72 293.60 293.26 294.09 292.68 294.11 293.56 293.20 294.08 293.09 293.48 292.66 293.34 293.62 293.53 293.24 292.89 293.58 293.14 293.92 293.83 293.98 293.06 293.01 293.32 294.01 292.68 293.78 293.02 293.60 293.11 293.59 293.59 292.74 292.84 293.65 293.81 292.69 293.79 292.95 293.82 293.49 293.10 293.28 293.16 293.98 292.78 293.59 294.05 293.89 293.22 292.99 294.02 293.15 293.10 292.68 293.78 293.19 292.93 292.70 293.47 292.67 293.48 293.25 293.46 293.19 293.97 293.22 292.96 293.24 292.97 292.78 293.27 294.11 292.75 293.10 292.79 292.76 292.86 293.11 292.97 293.81 292.78 294.01 292.85 292.99 292.69 293.03 292.68 292.75 293.76 292.99 293.04 293.97 292.92 293.95 293.41 293.67 294.08 293.50 293.34 293.06 293.05 293.45 293.06 293.68 293.01 293.35 293.76 293.95 293.47 292.70 294.05 293.55 293.57 292.99 292.94 293.16 292.98 292.72 294.05 293.20 293.93 293.72
